candidate,pose,region,min_ratio,max_ratio,volume_ratio,edge_ratio_p01,edge_ratio_p99,self_intersecting_face_pairs
R2,neutral,arm,1.0,1.0,1.0,1.0,1.0,0
R2,neutral,finger,1.0,1.0,1.0,1.0,1.0,0
R2,neutral,foot,1.0,1.0,1.0,1.0,1.0,0
R2,neutral,hand,1.0,1.0,1.0,1.0,1.0,0
R2,neutral,head,1.0,1.0,1.0,1.0,1.0,0
R2,neutral,leg,1.0,1.0,1.0,1.0,1.0,0
R2,neutral,neck,1.0,1.0,1.0,1.0,1.0,0
R2,neutral,pelvis,1.0,1.0,1.0,1.0,1.0,0
R2,neutral,shoulder,1.0,1.0,1.0,1.0,1.0,0
R2,neutral,thumb,1.0,1.0,1.0,1.0,1.0,0
R2,neutral,torso,1.0,1.0,1.0,1.0,1.0,0
R2,curl_peak,arm,0.193,1.621,0.9971,0.518,1.355,268
R2,curl_peak,finger,0.113,1.918,0.9971,0.518,1.355,268
R2,curl_peak,foot,1.0,1.0,0.9971,0.518,1.355,268
R2,curl_peak,hand,0.07,5.387,0.9971,0.518,1.355,268
R2,curl_peak,head,1.0,1.0,0.9971,0.518,1.355,268
R2,curl_peak,leg,1.0,1.0,0.9971,0.518,1.355,268
R2,curl_peak,neck,1.0,1.0,0.9971,0.518,1.355,268
R2,curl_peak,pelvis,1.0,1.0,0.9971,0.518,1.355,268
R2,curl_peak,shoulder,0.796,1.284,0.9971,0.518,1.355,268
R2,curl_peak,thumb,0.486,1.4,0.9971,0.518,1.355,268
R2,curl_peak,torso,0.862,1.247,0.9971,0.518,1.355,268
R2,press_bottom,arm,0.312,2.858,1.0312,0.579,1.559,196
R2,press_bottom,finger,0.113,1.918,1.0312,0.579,1.559,196
R2,press_bottom,foot,1.0,1.0,1.0312,0.579,1.559,196
R2,press_bottom,hand,0.07,5.387,1.0312,0.579,1.559,196
R2,press_bottom,head,1.0,1.0,1.0312,0.579,1.559,196
R2,press_bottom,leg,1.0,1.0,1.0312,0.579,1.559,196
R2,press_bottom,neck,1.0,1.0,1.0312,0.579,1.559,196
R2,press_bottom,pelvis,1.0,1.0,1.0312,0.579,1.559,196
R2,press_bottom,shoulder,0.577,6.414,1.0312,0.579,1.559,196
R2,press_bottom,thumb,0.486,1.4,1.0312,0.579,1.559,196
R2,press_bottom,torso,0.943,2.569,1.0312,0.579,1.559,196
R2,press_top,arm,0.731,3.702,0.9993,0.487,1.679,174
R2,press_top,finger,0.113,1.918,0.9993,0.487,1.679,174
R2,press_top,foot,1.0,1.0,0.9993,0.487,1.679,174
R2,press_top,hand,0.07,5.387,0.9993,0.487,1.679,174
R2,press_top,head,1.0,1.0,0.9993,0.487,1.679,174
R2,press_top,leg,1.0,1.0,0.9993,0.487,1.679,174
R2,press_top,neck,1.0,1.0,0.9993,0.487,1.679,174
R2,press_top,pelvis,1.0,1.0,0.9993,0.487,1.679,174
R2,press_top,shoulder,0.094,9.089,0.9993,0.487,1.679,174
R2,press_top,thumb,0.486,1.4,0.9993,0.487,1.679,174
R2,press_top,torso,0.886,3.974,0.9993,0.487,1.679,174
R2,press_top_rhythm,arm,0.731,3.415,1.1309,0.505,1.977,110
R2,press_top_rhythm,finger,0.113,1.918,1.1309,0.505,1.977,110
R2,press_top_rhythm,foot,1.0,1.0,1.1309,0.505,1.977,110
R2,press_top_rhythm,hand,0.07,5.387,1.1309,0.505,1.977,110
R2,press_top_rhythm,head,1.0,1.0,1.1309,0.505,1.977,110
R2,press_top_rhythm,leg,1.0,1.0,1.1309,0.505,1.977,110
R2,press_top_rhythm,neck,0.535,1.052,1.1309,0.505,1.977,110
R2,press_top_rhythm,pelvis,1.0,1.0,1.1309,0.505,1.977,110
R2,press_top_rhythm,shoulder,0.143,8.283,1.1309,0.505,1.977,110
R2,press_top_rhythm,thumb,0.486,1.4,1.1309,0.505,1.977,110
R2,press_top_rhythm,torso,0.662,8.317,1.1309,0.505,1.977,110
R2,squat_bottom,arm,0.606,3.627,0.9627,0.629,1.745,42
R2,squat_bottom,finger,1.0,1.0,0.9627,0.629,1.745,42
R2,squat_bottom,foot,0.857,1.32,0.9627,0.629,1.745,42
R2,squat_bottom,hand,1.0,1.0,0.9627,0.629,1.745,42
R2,squat_bottom,head,1.0,1.0,0.9627,0.629,1.745,42
R2,squat_bottom,leg,0.373,1.543,0.9627,0.629,1.745,42
R2,squat_bottom,neck,0.753,1.132,0.9627,0.629,1.745,42
R2,squat_bottom,pelvis,0.785,3.498,0.9627,0.629,1.745,42
R2,squat_bottom,shoulder,0.184,8.053,0.9627,0.629,1.745,42
R2,squat_bottom,thumb,1.0,1.0,0.9627,0.629,1.745,42
R2,squat_bottom,torso,0.173,4.204,0.9627,0.629,1.745,42
R2,pushup_bottom,arm,0.188,1.925,1.007,0.747,1.308,156
R2,pushup_bottom,finger,1.0,1.0,1.007,0.747,1.308,156
R2,pushup_bottom,foot,0.36,1.337,1.007,0.747,1.308,156
R2,pushup_bottom,hand,0.139,1.915,1.007,0.747,1.308,156
R2,pushup_bottom,head,1.0,1.0,1.007,0.747,1.308,156
R2,pushup_bottom,leg,0.993,1.018,1.007,0.747,1.308,156
R2,pushup_bottom,neck,1.0,1.0,1.007,0.747,1.308,156
R2,pushup_bottom,pelvis,1.0,1.0,1.007,0.747,1.308,156
R2,pushup_bottom,shoulder,0.773,3.398,1.007,0.747,1.308,156
R2,pushup_bottom,thumb,1.0,1.0,1.007,0.747,1.308,156
R2,pushup_bottom,torso,0.493,1.904,1.007,0.747,1.308,156
R2,pullup_hang,arm,0.737,3.673,1.0055,0.494,1.675,147
R2,pullup_hang,finger,0.113,1.918,1.0055,0.494,1.675,147
R2,pullup_hang,foot,1.0,1.0,1.0055,0.494,1.675,147
R2,pullup_hang,hand,0.07,5.387,1.0055,0.494,1.675,147
R2,pullup_hang,head,1.0,1.0,1.0055,0.494,1.675,147
R2,pullup_hang,leg,1.0,1.0,1.0055,0.494,1.675,147
R2,pullup_hang,neck,1.0,1.0,1.0055,0.494,1.675,147
R2,pullup_hang,pelvis,1.0,1.0,1.0055,0.494,1.675,147
R2,pullup_hang,shoulder,0.15,8.987,1.0055,0.494,1.675,147
R2,pullup_hang,thumb,0.486,1.4,1.0055,0.494,1.675,147
R2,pullup_hang,torso,0.891,3.888,1.0055,0.494,1.675,147
R2,pullup_hang_rhythm,arm,0.737,3.281,1.1361,0.515,1.962,110
R2,pullup_hang_rhythm,finger,0.113,1.918,1.1361,0.515,1.962,110
R2,pullup_hang_rhythm,foot,1.0,1.0,1.1361,0.515,1.962,110
R2,pullup_hang_rhythm,hand,0.07,5.387,1.1361,0.515,1.962,110
R2,pullup_hang_rhythm,head,1.0,1.0,1.1361,0.515,1.962,110
R2,pullup_hang_rhythm,leg,1.0,1.0,1.1361,0.515,1.962,110
R2,pullup_hang_rhythm,neck,0.535,1.052,1.1361,0.515,1.962,110
R2,pullup_hang_rhythm,pelvis,1.0,1.0,1.1361,0.515,1.962,110
R2,pullup_hang_rhythm,shoulder,0.202,7.907,1.1361,0.515,1.962,110
R2,pullup_hang_rhythm,thumb,0.486,1.4,1.1361,0.515,1.962,110
R2,pullup_hang_rhythm,torso,0.662,8.317,1.1361,0.515,1.962,110
R2,pullup_top,arm,0.307,2.399,1.0271,0.568,1.521,216
R2,pullup_top,finger,0.113,1.918,1.0271,0.568,1.521,216
R2,pullup_top,foot,1.0,1.0,1.0271,0.568,1.521,216
R2,pullup_top,hand,0.07,5.387,1.0271,0.568,1.521,216
R2,pullup_top,head,1.0,1.0,1.0271,0.568,1.521,216
R2,pullup_top,leg,1.0,1.0,1.0271,0.568,1.521,216
R2,pullup_top,neck,1.0,1.0,1.0271,0.568,1.521,216
R2,pullup_top,pelvis,1.0,1.0,1.0271,0.568,1.521,216
R2,pullup_top,shoulder,0.694,5.169,1.0271,0.568,1.521,216
R2,pullup_top,thumb,0.486,1.4,1.0271,0.568,1.521,216
R2,pullup_top,torso,0.883,2.086,1.0271,0.568,1.521,216
R2,lunge,arm,1.0,1.0,0.9833,0.797,1.345,7
R2,lunge,finger,1.0,1.0,0.9833,0.797,1.345,7
R2,lunge,foot,0.419,1.308,0.9833,0.797,1.345,7
R2,lunge,hand,1.0,1.0,0.9833,0.797,1.345,7
R2,lunge,head,1.0,1.0,0.9833,0.797,1.345,7
R2,lunge,leg,0.269,1.615,0.9833,0.797,1.345,7
R2,lunge,neck,1.0,1.0,0.9833,0.797,1.345,7
R2,lunge,pelvis,0.563,7.559,0.9833,0.797,1.345,7
R2,lunge,shoulder,1.0,1.0,0.9833,0.797,1.345,7
R2,lunge,thumb,1.0,1.0,0.9833,0.797,1.345,7
R2,lunge,torso,0.121,7.2,0.9833,0.797,1.345,7
R2,row,arm,0.26,1.588,0.9838,0.493,1.444,110
R2,row,finger,0.113,1.918,0.9838,0.493,1.444,110
R2,row,foot,0.927,1.174,0.9838,0.493,1.444,110
R2,row,hand,0.07,5.387,0.9838,0.493,1.444,110
R2,row,head,1.0,1.0,0.9838,0.493,1.444,110
R2,row,leg,0.822,1.171,0.9838,0.493,1.444,110
R2,row,neck,0.621,1.24,0.9838,0.493,1.444,110
R2,row,pelvis,0.852,1.057,0.9838,0.493,1.444,110
R2,row,shoulder,0.284,2.214,0.9838,0.493,1.444,110
R2,row,thumb,0.486,1.4,0.9838,0.493,1.444,110
R2,row,torso,0.434,2.44,0.9838,0.493,1.444,110
R2,grip,arm,0.265,1.645,0.9967,0.538,1.367,152
R2,grip,finger,0.113,1.918,0.9967,0.538,1.367,152
R2,grip,foot,1.0,1.0,0.9967,0.538,1.367,152
R2,grip,hand,0.07,5.387,0.9967,0.538,1.367,152
R2,grip,head,1.0,1.0,0.9967,0.538,1.367,152
R2,grip,leg,1.0,1.0,0.9967,0.538,1.367,152
R2,grip,neck,1.0,1.0,0.9967,0.538,1.367,152
R2,grip,pelvis,1.0,1.0,0.9967,0.538,1.367,152
R2,grip,shoulder,1.0,1.0,0.9967,0.538,1.367,152
R2,grip,thumb,0.486,1.4,0.9967,0.538,1.367,152
R2,grip,torso,1.0,1.0,0.9967,0.538,1.367,152
R2,curl_handle,arm,0.193,1.621,0.9971,0.573,1.31,266
R2,curl_handle,finger,0.086,1.792,0.9971,0.573,1.31,266
R2,curl_handle,foot,1.0,1.0,0.9971,0.573,1.31,266
R2,curl_handle,hand,0.334,1.514,0.9971,0.573,1.31,266
R2,curl_handle,head,1.0,1.0,0.9971,0.573,1.31,266
R2,curl_handle,leg,1.0,1.0,0.9971,0.573,1.31,266
R2,curl_handle,neck,1.0,1.0,0.9971,0.573,1.31,266
R2,curl_handle,pelvis,1.0,1.0,0.9971,0.573,1.31,266
R2,curl_handle,shoulder,0.796,1.284,0.9971,0.573,1.31,266
R2,curl_handle,thumb,0.596,1.334,0.9971,0.573,1.31,266
R2,curl_handle,torso,0.862,1.247,0.9971,0.573,1.31,266
R2,pullup_bar,arm,0.737,3.673,1.0056,0.553,1.664,146
R2,pullup_bar,finger,0.086,1.793,1.0056,0.553,1.664,146
R2,pullup_bar,foot,1.0,1.0,1.0056,0.553,1.664,146
R2,pullup_bar,hand,0.334,1.514,1.0056,0.553,1.664,146
R2,pullup_bar,head,1.0,1.0,1.0056,0.553,1.664,146
R2,pullup_bar,leg,1.0,1.0,1.0056,0.553,1.664,146
R2,pullup_bar,neck,1.0,1.0,1.0056,0.553,1.664,146
R2,pullup_bar,pelvis,1.0,1.0,1.0056,0.553,1.664,146
R2,pullup_bar,shoulder,0.15,8.987,1.0056,0.553,1.664,146
R2,pullup_bar,thumb,0.596,1.334,1.0056,0.553,1.664,146
R2,pullup_bar,torso,0.891,3.888,1.0056,0.553,1.664,146
r20,curl_peak,arm,0.193,1.621,0.9969,0.518,1.355,268
r20,curl_peak,finger,0.113,1.918,0.9969,0.518,1.355,268
r20,curl_peak,foot,1.0,1.0,0.9969,0.518,1.355,268
r20,curl_peak,hand,0.07,5.387,0.9969,0.518,1.355,268
r20,curl_peak,head,1.0,1.0,0.9969,0.518,1.355,268
r20,curl_peak,leg,1.0,1.0,0.9969,0.518,1.355,268
r20,curl_peak,neck,0.999,1.001,0.9969,0.518,1.355,268
r20,curl_peak,pelvis,1.0,1.0,0.9969,0.518,1.355,268
r20,curl_peak,shoulder,0.803,1.257,0.9969,0.518,1.355,268
r20,curl_peak,thumb,0.486,1.4,0.9969,0.518,1.355,268
r20,curl_peak,torso,0.878,1.17,0.9969,0.518,1.355,268
r20,press_bottom,arm,0.312,2.71,1.0301,0.577,1.568,196
r20,press_bottom,finger,0.113,1.918,1.0301,0.577,1.568,196
r20,press_bottom,foot,1.0,1.0,1.0301,0.577,1.568,196
r20,press_bottom,hand,0.07,5.387,1.0301,0.577,1.568,196
r20,press_bottom,head,1.0,1.0,1.0301,0.577,1.568,196
r20,press_bottom,leg,1.0,1.0,1.0301,0.577,1.568,196
r20,press_bottom,neck,0.987,1.012,1.0301,0.577,1.568,196
r20,press_bottom,pelvis,1.0,1.0,1.0301,0.577,1.568,196
r20,press_bottom,shoulder,0.548,3.169,1.0301,0.577,1.568,196
r20,press_bottom,thumb,0.486,1.4,1.0301,0.577,1.568,196
r20,press_bottom,torso,0.889,2.425,1.0301,0.577,1.568,196
r20,press_top,arm,0.719,3.475,0.9958,0.479,1.721,202
r20,press_top,finger,0.113,1.918,0.9958,0.479,1.721,202
r20,press_top,foot,1.0,1.0,0.9958,0.479,1.721,202
r20,press_top,hand,0.07,5.387,0.9958,0.479,1.721,202
r20,press_top,head,1.0,1.0,0.9958,0.479,1.721,202
r20,press_top,leg,1.0,1.0,0.9958,0.479,1.721,202
r20,press_top,neck,0.978,1.022,0.9958,0.479,1.721,202
r20,press_top,pelvis,1.0,1.0,0.9958,0.479,1.721,202
r20,press_top,shoulder,0.232,4.337,0.9958,0.479,1.721,202
r20,press_top,thumb,0.486,1.4,0.9958,0.479,1.721,202
r20,press_top,torso,0.837,3.57,0.9958,0.479,1.721,202
r20,press_top_rhythm,arm,0.731,3.259,1.083,0.497,2.013,110
r20,press_top_rhythm,finger,0.113,1.918,1.083,0.497,2.013,110
r20,press_top_rhythm,foot,1.0,1.0,1.083,0.497,2.013,110
r20,press_top_rhythm,hand,0.07,5.387,1.083,0.497,2.013,110
r20,press_top_rhythm,head,1.0,1.0,1.083,0.497,2.013,110
r20,press_top_rhythm,leg,1.0,1.0,1.083,0.497,2.013,110
r20,press_top_rhythm,neck,0.536,1.056,1.083,0.497,2.013,110
r20,press_top_rhythm,pelvis,1.0,1.0,1.083,0.497,2.013,110
r20,press_top_rhythm,shoulder,0.236,4.323,1.083,0.497,2.013,110
r20,press_top_rhythm,thumb,0.486,1.4,1.083,0.497,2.013,110
r20,press_top_rhythm,torso,0.65,4.062,1.083,0.497,2.013,110
r20,squat_bottom,arm,0.585,3.318,0.9604,0.616,1.776,33
r20,squat_bottom,finger,1.0,1.0,0.9604,0.616,1.776,33
r20,squat_bottom,foot,0.857,1.32,0.9604,0.616,1.776,33
r20,squat_bottom,hand,1.0,1.0,0.9604,0.616,1.776,33
r20,squat_bottom,head,1.0,1.0,0.9604,0.616,1.776,33
r20,squat_bottom,leg,0.373,1.543,0.9604,0.616,1.776,33
r20,squat_bottom,neck,0.741,1.152,0.9604,0.616,1.776,33
r20,squat_bottom,pelvis,0.785,3.498,0.9604,0.616,1.776,33
r20,squat_bottom,shoulder,0.237,3.987,0.9604,0.616,1.776,33
r20,squat_bottom,thumb,1.0,1.0,0.9604,0.616,1.776,33
r20,squat_bottom,torso,0.173,4.204,0.9604,0.616,1.776,33
r20,pushup_bottom,arm,0.188,1.951,1.0071,0.738,1.316,156
r20,pushup_bottom,finger,1.0,1.0,1.0071,0.738,1.316,156
r20,pushup_bottom,foot,0.36,1.337,1.0071,0.738,1.316,156
r20,pushup_bottom,hand,0.139,1.915,1.0071,0.738,1.316,156
r20,pushup_bottom,head,1.0,1.0,1.0071,0.738,1.316,156
r20,pushup_bottom,leg,0.993,1.018,1.0071,0.738,1.316,156
r20,pushup_bottom,neck,0.995,1.005,1.0071,0.738,1.316,156
r20,pushup_bottom,pelvis,1.0,1.0,1.0071,0.738,1.316,156
r20,pushup_bottom,shoulder,0.761,2.071,1.0071,0.738,1.316,156
r20,pushup_bottom,thumb,1.0,1.0,1.0071,0.738,1.316,156
r20,pushup_bottom,torso,0.493,1.532,1.0071,0.738,1.316,156
r20,pullup_hang,arm,0.737,3.437,1.0022,0.482,1.705,121
r20,pullup_hang,finger,0.113,1.918,1.0022,0.482,1.705,121
r20,pullup_hang,foot,1.0,1.0,1.0022,0.482,1.705,121
r20,pullup_hang,hand,0.07,5.387,1.0022,0.482,1.705,121
r20,pullup_hang,head,1.0,1.0,1.0022,0.482,1.705,121
r20,pullup_hang,leg,1.0,1.0,1.0022,0.482,1.705,121
r20,pullup_hang,neck,0.98,1.02,1.0022,0.482,1.705,121
r20,pullup_hang,pelvis,1.0,1.0,1.0022,0.482,1.705,121
r20,pullup_hang,shoulder,0.23,4.307,1.0022,0.482,1.705,121
r20,pullup_hang,thumb,0.486,1.4,1.0022,0.482,1.705,121
r20,pullup_hang,torso,0.877,3.515,1.0022,0.482,1.705,121
r20,pullup_hang_rhythm,arm,0.737,3.225,1.0892,0.521,1.977,110
r20,pullup_hang_rhythm,finger,0.113,1.918,1.0892,0.521,1.977,110
r20,pullup_hang_rhythm,foot,1.0,1.0,1.0892,0.521,1.977,110
r20,pullup_hang_rhythm,hand,0.07,5.387,1.0892,0.521,1.977,110
r20,pullup_hang_rhythm,head,1.0,1.0,1.0892,0.521,1.977,110
r20,pullup_hang_rhythm,leg,1.0,1.0,1.0892,0.521,1.977,110
r20,pullup_hang_rhythm,neck,0.536,1.056,1.0892,0.521,1.977,110
r20,pullup_hang_rhythm,pelvis,1.0,1.0,1.0892,0.521,1.977,110
r20,pullup_hang_rhythm,shoulder,0.265,4.243,1.0892,0.521,1.977,110
r20,pullup_hang_rhythm,thumb,0.486,1.4,1.0892,0.521,1.977,110
r20,pullup_hang_rhythm,torso,0.65,3.979,1.0892,0.521,1.977,110
r20,pullup_top,arm,0.307,2.378,1.0266,0.568,1.496,216
r20,pullup_top,finger,0.113,1.918,1.0266,0.568,1.496,216
r20,pullup_top,foot,1.0,1.0,1.0266,0.568,1.496,216
r20,pullup_top,hand,0.07,5.387,1.0266,0.568,1.496,216
r20,pullup_top,head,1.0,1.0,1.0266,0.568,1.496,216
r20,pullup_top,leg,1.0,1.0,1.0266,0.568,1.496,216
r20,pullup_top,neck,0.989,1.01,1.0266,0.568,1.496,216
r20,pullup_top,pelvis,1.0,1.0,1.0266,0.568,1.496,216
r20,pullup_top,shoulder,0.674,2.697,1.0266,0.568,1.496,216
r20,pullup_top,thumb,0.486,1.4,1.0266,0.568,1.496,216
r20,pullup_top,torso,0.861,2.018,1.0266,0.568,1.496,216
r20,lunge,arm,1.0,1.0,0.9833,0.797,1.358,7
r20,lunge,finger,1.0,1.0,0.9833,0.797,1.358,7
r20,lunge,foot,0.419,1.308,0.9833,0.797,1.358,7
r20,lunge,hand,1.0,1.0,0.9833,0.797,1.358,7
r20,lunge,head,1.0,1.0,0.9833,0.797,1.358,7
r20,lunge,leg,0.269,1.615,0.9833,0.797,1.358,7
r20,lunge,neck,1.0,1.0,0.9833,0.797,1.358,7
r20,lunge,pelvis,0.563,7.559,0.9833,0.797,1.358,7
r20,lunge,shoulder,1.0,1.0,0.9833,0.797,1.358,7
r20,lunge,thumb,1.0,1.0,0.9833,0.797,1.358,7
r20,lunge,torso,0.121,7.2,0.9833,0.797,1.358,7
r20,row,arm,0.26,1.588,0.9838,0.493,1.44,110
r20,row,finger,0.113,1.918,0.9838,0.493,1.44,110
r20,row,foot,0.927,1.174,0.9838,0.493,1.44,110
r20,row,hand,0.07,5.387,0.9838,0.493,1.44,110
r20,row,head,1.0,1.0,0.9838,0.493,1.44,110
r20,row,leg,0.822,1.171,0.9838,0.493,1.44,110
r20,row,neck,0.609,1.279,0.9838,0.493,1.44,110
r20,row,pelvis,0.852,1.057,0.9838,0.493,1.44,110
r20,row,shoulder,0.305,1.529,0.9838,0.493,1.44,110
r20,row,thumb,0.486,1.4,0.9838,0.493,1.44,110
r20,row,torso,0.434,2.223,0.9838,0.493,1.44,110
r20,grip,arm,0.265,1.645,0.9967,0.538,1.367,152
r20,grip,finger,0.113,1.918,0.9967,0.538,1.367,152
r20,grip,foot,1.0,1.0,0.9967,0.538,1.367,152
r20,grip,hand,0.07,5.387,0.9967,0.538,1.367,152
r20,grip,head,1.0,1.0,0.9967,0.538,1.367,152
r20,grip,leg,1.0,1.0,0.9967,0.538,1.367,152
r20,grip,neck,1.0,1.0,0.9967,0.538,1.367,152
r20,grip,pelvis,1.0,1.0,0.9967,0.538,1.367,152
r20,grip,shoulder,1.0,1.0,0.9967,0.538,1.367,152
r20,grip,thumb,0.486,1.4,0.9967,0.538,1.367,152
r20,grip,torso,1.0,1.0,0.9967,0.538,1.367,152
r20,curl_handle,arm,0.193,1.621,0.997,0.573,1.31,266
r20,curl_handle,finger,0.086,1.792,0.997,0.573,1.31,266
r20,curl_handle,foot,1.0,1.0,0.997,0.573,1.31,266
r20,curl_handle,hand,0.334,1.514,0.997,0.573,1.31,266
r20,curl_handle,head,1.0,1.0,0.997,0.573,1.31,266
r20,curl_handle,leg,1.0,1.0,0.997,0.573,1.31,266
r20,curl_handle,neck,0.999,1.001,0.997,0.573,1.31,266
r20,curl_handle,pelvis,1.0,1.0,0.997,0.573,1.31,266
r20,curl_handle,shoulder,0.803,1.257,0.997,0.573,1.31,266
r20,curl_handle,thumb,0.596,1.334,0.997,0.573,1.31,266
r20,curl_handle,torso,0.878,1.17,0.997,0.573,1.31,266
r20,pullup_bar,arm,0.737,3.437,1.0022,0.54,1.678,120
r20,pullup_bar,finger,0.086,1.793,1.0022,0.54,1.678,120
r20,pullup_bar,foot,1.0,1.0,1.0022,0.54,1.678,120
r20,pullup_bar,hand,0.334,1.514,1.0022,0.54,1.678,120
r20,pullup_bar,head,1.0,1.0,1.0022,0.54,1.678,120
r20,pullup_bar,leg,1.0,1.0,1.0022,0.54,1.678,120
r20,pullup_bar,neck,0.98,1.02,1.0022,0.54,1.678,120
r20,pullup_bar,pelvis,1.0,1.0,1.0022,0.54,1.678,120
r20,pullup_bar,shoulder,0.23,4.307,1.0022,0.54,1.678,120
r20,pullup_bar,thumb,0.596,1.334,1.0022,0.54,1.678,120
r20,pullup_bar,torso,0.877,3.515,1.0022,0.54,1.678,120
r22,neutral,arm,1.0,1.0,1.0,1.0,1.0,0
r22,neutral,finger,1.0,1.0,1.0,1.0,1.0,0
r22,neutral,foot,1.0,1.0,1.0,1.0,1.0,0
r22,neutral,hand,1.0,1.0,1.0,1.0,1.0,0
r22,neutral,head,1.0,1.0,1.0,1.0,1.0,0
r22,neutral,leg,1.0,1.0,1.0,1.0,1.0,0
r22,neutral,neck,1.0,1.0,1.0,1.0,1.0,0
r22,neutral,pelvis,1.0,1.0,1.0,1.0,1.0,0
r22,neutral,shoulder,1.0,1.0,1.0,1.0,1.0,0
r22,neutral,thumb,1.0,1.0,1.0,1.0,1.0,0
r22,neutral,torso,1.0,1.0,1.0,1.0,1.0,0
r22,curl_peak,arm,0.193,1.621,0.997,0.518,1.355,268
r22,curl_peak,finger,0.113,1.918,0.997,0.518,1.355,268
r22,curl_peak,foot,1.0,1.0,0.997,0.518,1.355,268
r22,curl_peak,hand,0.07,5.387,0.997,0.518,1.355,268
r22,curl_peak,head,1.0,1.0,0.997,0.518,1.355,268
r22,curl_peak,leg,1.0,1.0,0.997,0.518,1.355,268
r22,curl_peak,neck,0.999,1.001,0.997,0.518,1.355,268
r22,curl_peak,pelvis,1.0,1.0,0.997,0.518,1.355,268
r22,curl_peak,shoulder,0.809,1.33,0.997,0.518,1.355,268
r22,curl_peak,thumb,0.486,1.4,0.997,0.518,1.355,268
r22,curl_peak,torso,0.863,1.225,0.997,0.518,1.355,268
r22,press_bottom,arm,0.312,2.547,1.0306,0.577,1.555,196
r22,press_bottom,finger,0.113,1.918,1.0306,0.577,1.555,196
r22,press_bottom,foot,1.0,1.0,1.0306,0.577,1.555,196
r22,press_bottom,hand,0.07,5.387,1.0306,0.577,1.555,196
r22,press_bottom,head,1.0,1.0,1.0306,0.577,1.555,196
r22,press_bottom,leg,1.0,1.0,1.0306,0.577,1.555,196
r22,press_bottom,neck,0.984,1.014,1.0306,0.577,1.555,196
r22,press_bottom,pelvis,1.0,1.0,1.0306,0.577,1.555,196
r22,press_bottom,shoulder,0.546,3.23,1.0306,0.577,1.555,196
r22,press_bottom,thumb,0.486,1.4,1.0306,0.577,1.555,196
r22,press_bottom,torso,0.889,2.515,1.0306,0.577,1.555,196
r22,press_top,arm,0.731,3.46,0.9962,0.482,1.684,179
r22,press_top,finger,0.113,1.918,0.9962,0.482,1.684,179
r22,press_top,foot,1.0,1.0,0.9962,0.482,1.684,179
r22,press_top,hand,0.07,5.387,0.9962,0.482,1.684,179
r22,press_top,head,1.0,1.0,0.9962,0.482,1.684,179
r22,press_top,leg,1.0,1.0,0.9962,0.482,1.684,179
r22,press_top,neck,0.974,1.026,0.9962,0.482,1.684,179
r22,press_top,pelvis,1.0,1.0,0.9962,0.482,1.684,179
r22,press_top,shoulder,0.217,4.347,0.9962,0.482,1.684,179
r22,press_top,thumb,0.486,1.4,0.9962,0.482,1.684,179
r22,press_top,torso,0.829,3.76,0.9962,0.482,1.684,179
r22,press_top_rhythm,arm,0.731,3.117,1.0835,0.503,1.946,118
r22,press_top_rhythm,finger,0.113,1.918,1.0835,0.503,1.946,118
r22,press_top_rhythm,foot,1.0,1.0,1.0835,0.503,1.946,118
r22,press_top_rhythm,hand,0.07,5.387,1.0835,0.503,1.946,118
r22,press_top_rhythm,head,1.0,1.0,1.0835,0.503,1.946,118
r22,press_top_rhythm,leg,1.0,1.0,1.0835,0.503,1.946,118
r22,press_top_rhythm,neck,0.535,1.057,1.0835,0.503,1.946,118
r22,press_top_rhythm,pelvis,1.0,1.0,1.0835,0.503,1.946,118
r22,press_top_rhythm,shoulder,0.237,4.333,1.0835,0.503,1.946,118
r22,press_top_rhythm,thumb,0.486,1.4,1.0835,0.503,1.946,118
r22,press_top_rhythm,torso,0.65,4.345,1.0835,0.503,1.946,118
r22,squat_bottom,arm,0.591,3.361,0.9607,0.62,1.765,45
r22,squat_bottom,finger,1.0,1.0,0.9607,0.62,1.765,45
r22,squat_bottom,foot,0.857,1.32,0.9607,0.62,1.765,45
r22,squat_bottom,hand,1.0,1.0,0.9607,0.62,1.765,45
r22,squat_bottom,head,1.0,1.0,0.9607,0.62,1.765,45
r22,squat_bottom,leg,0.373,1.543,0.9607,0.62,1.765,45
r22,squat_bottom,neck,0.741,1.152,0.9607,0.62,1.765,45
r22,squat_bottom,pelvis,0.785,3.498,0.9607,0.62,1.765,45
r22,squat_bottom,shoulder,0.233,4.282,0.9607,0.62,1.765,45
r22,squat_bottom,thumb,1.0,1.0,0.9607,0.62,1.765,45
r22,squat_bottom,torso,0.173,4.204,0.9607,0.62,1.765,45
r22,pushup_bottom,arm,0.188,1.925,1.0072,0.738,1.311,156
r22,pushup_bottom,finger,1.0,1.0,1.0072,0.738,1.311,156
r22,pushup_bottom,foot,0.36,1.337,1.0072,0.738,1.311,156
r22,pushup_bottom,hand,0.139,1.915,1.0072,0.738,1.311,156
r22,pushup_bottom,head,1.0,1.0,1.0072,0.738,1.311,156
r22,pushup_bottom,leg,0.993,1.018,1.0072,0.738,1.311,156
r22,pushup_bottom,neck,0.994,1.006,1.0072,0.738,1.311,156
r22,pushup_bottom,pelvis,1.0,1.0,1.0072,0.738,1.311,156
r22,pushup_bottom,shoulder,0.761,2.087,1.0072,0.738,1.311,156
r22,pushup_bottom,thumb,1.0,1.0,1.0072,0.738,1.311,156
r22,pushup_bottom,torso,0.493,1.619,1.0072,0.738,1.311,156
r22,pullup_hang,arm,0.737,3.414,1.0026,0.483,1.684,158
r22,pullup_hang,finger,0.113,1.918,1.0026,0.483,1.684,158
r22,pullup_hang,foot,1.0,1.0,1.0026,0.483,1.684,158
r22,pullup_hang,hand,0.07,5.387,1.0026,0.483,1.684,158
r22,pullup_hang,head,1.0,1.0,1.0026,0.483,1.684,158
r22,pullup_hang,leg,1.0,1.0,1.0026,0.483,1.684,158
r22,pullup_hang,neck,0.976,1.024,1.0026,0.483,1.684,158
r22,pullup_hang,pelvis,1.0,1.0,1.0026,0.483,1.684,158
r22,pullup_hang,shoulder,0.234,4.316,1.0026,0.483,1.684,158
r22,pullup_hang,thumb,0.486,1.4,1.0026,0.483,1.684,158
r22,pullup_hang,torso,0.877,3.698,1.0026,0.483,1.684,158
r22,pullup_hang_rhythm,arm,0.737,2.976,1.0897,0.524,1.944,110
r22,pullup_hang_rhythm,finger,0.113,1.918,1.0897,0.524,1.944,110
r22,pullup_hang_rhythm,foot,1.0,1.0,1.0897,0.524,1.944,110
r22,pullup_hang_rhythm,hand,0.07,5.387,1.0897,0.524,1.944,110
r22,pullup_hang_rhythm,head,1.0,1.0,1.0897,0.524,1.944,110
r22,pullup_hang_rhythm,leg,1.0,1.0,1.0897,0.524,1.944,110
r22,pullup_hang_rhythm,neck,0.535,1.057,1.0897,0.524,1.944,110
r22,pullup_hang_rhythm,pelvis,1.0,1.0,1.0897,0.524,1.944,110
r22,pullup_hang_rhythm,shoulder,0.274,4.251,1.0897,0.524,1.944,110
r22,pullup_hang_rhythm,thumb,0.486,1.4,1.0897,0.524,1.944,110
r22,pullup_hang_rhythm,torso,0.65,4.24,1.0897,0.524,1.944,110
r22,pullup_top,arm,0.307,2.181,1.0269,0.568,1.5,216
r22,pullup_top,finger,0.113,1.918,1.0269,0.568,1.5,216
r22,pullup_top,foot,1.0,1.0,1.0269,0.568,1.5,216
r22,pullup_top,hand,0.07,5.387,1.0269,0.568,1.5,216
r22,pullup_top,head,1.0,1.0,1.0269,0.568,1.5,216
r22,pullup_top,leg,1.0,1.0,1.0269,0.568,1.5,216
r22,pullup_top,neck,0.987,1.011,1.0269,0.568,1.5,216
r22,pullup_top,pelvis,1.0,1.0,1.0269,0.568,1.5,216
r22,pullup_top,shoulder,0.655,2.721,1.0269,0.568,1.5,216
r22,pullup_top,thumb,0.486,1.4,1.0269,0.568,1.5,216
r22,pullup_top,torso,0.86,2.081,1.0269,0.568,1.5,216
r22,lunge,arm,1.0,1.0,0.9833,0.797,1.357,7
r22,lunge,finger,1.0,1.0,0.9833,0.797,1.357,7
r22,lunge,foot,0.419,1.308,0.9833,0.797,1.357,7
r22,lunge,hand,1.0,1.0,0.9833,0.797,1.357,7
r22,lunge,head,1.0,1.0,0.9833,0.797,1.357,7
r22,lunge,leg,0.269,1.615,0.9833,0.797,1.357,7
r22,lunge,neck,1.0,1.0,0.9833,0.797,1.357,7
r22,lunge,pelvis,0.563,7.559,0.9833,0.797,1.357,7
r22,lunge,shoulder,1.0,1.0,0.9833,0.797,1.357,7
r22,lunge,thumb,1.0,1.0,0.9833,0.797,1.357,7
r22,lunge,torso,0.121,7.2,0.9833,0.797,1.357,7
r22,row,arm,0.26,1.588,0.9839,0.493,1.44,110
r22,row,finger,0.113,1.918,0.9839,0.493,1.44,110
r22,row,foot,0.927,1.174,0.9839,0.493,1.44,110
r22,row,hand,0.07,5.387,0.9839,0.493,1.44,110
r22,row,head,1.0,1.0,0.9839,0.493,1.44,110
r22,row,leg,0.822,1.171,0.9839,0.493,1.44,110
r22,row,neck,0.609,1.279,0.9839,0.493,1.44,110
r22,row,pelvis,0.852,1.057,0.9839,0.493,1.44,110
r22,row,shoulder,0.306,1.6,0.9839,0.493,1.44,110
r22,row,thumb,0.486,1.4,0.9839,0.493,1.44,110
r22,row,torso,0.434,2.223,0.9839,0.493,1.44,110
r22,grip,arm,0.265,1.645,0.9967,0.538,1.367,152
r22,grip,finger,0.113,1.918,0.9967,0.538,1.367,152
r22,grip,foot,1.0,1.0,0.9967,0.538,1.367,152
r22,grip,hand,0.07,5.387,0.9967,0.538,1.367,152
r22,grip,head,1.0,1.0,0.9967,0.538,1.367,152
r22,grip,leg,1.0,1.0,0.9967,0.538,1.367,152
r22,grip,neck,1.0,1.0,0.9967,0.538,1.367,152
r22,grip,pelvis,1.0,1.0,0.9967,0.538,1.367,152
r22,grip,shoulder,1.0,1.0,0.9967,0.538,1.367,152
r22,grip,thumb,0.486,1.4,0.9967,0.538,1.367,152
r22,grip,torso,1.0,1.0,0.9967,0.538,1.367,152
r22,curl_handle,arm,0.193,1.621,0.997,0.573,1.311,266
r22,curl_handle,finger,0.086,1.792,0.997,0.573,1.311,266
r22,curl_handle,foot,1.0,1.0,0.997,0.573,1.311,266
r22,curl_handle,hand,0.334,1.514,0.997,0.573,1.311,266
r22,curl_handle,head,1.0,1.0,0.997,0.573,1.311,266
r22,curl_handle,leg,1.0,1.0,0.997,0.573,1.311,266
r22,curl_handle,neck,0.999,1.001,0.997,0.573,1.311,266
r22,curl_handle,pelvis,1.0,1.0,0.997,0.573,1.311,266
r22,curl_handle,shoulder,0.809,1.33,0.997,0.573,1.311,266
r22,curl_handle,thumb,0.596,1.334,0.997,0.573,1.311,266
r22,curl_handle,torso,0.863,1.225,0.997,0.573,1.311,266
r22,pullup_bar,arm,0.737,3.414,1.0026,0.547,1.667,157
r22,pullup_bar,finger,0.086,1.793,1.0026,0.547,1.667,157
r22,pullup_bar,foot,1.0,1.0,1.0026,0.547,1.667,157
r22,pullup_bar,hand,0.334,1.514,1.0026,0.547,1.667,157
r22,pullup_bar,head,1.0,1.0,1.0026,0.547,1.667,157
r22,pullup_bar,leg,1.0,1.0,1.0026,0.547,1.667,157
r22,pullup_bar,neck,0.976,1.024,1.0026,0.547,1.667,157
r22,pullup_bar,pelvis,1.0,1.0,1.0026,0.547,1.667,157
r22,pullup_bar,shoulder,0.234,4.316,1.0026,0.547,1.667,157
r22,pullup_bar,thumb,0.596,1.334,1.0026,0.547,1.667,157
r22,pullup_bar,torso,0.877,3.698,1.0026,0.547,1.667,157
r23,neutral,arm,1.0,1.0,1.0,1.0,1.0,0
r23,neutral,finger,1.0,1.0,1.0,1.0,1.0,0
r23,neutral,foot,1.0,1.0,1.0,1.0,1.0,0
r23,neutral,hand,1.0,1.0,1.0,1.0,1.0,0
r23,neutral,head,1.0,1.0,1.0,1.0,1.0,0
r23,neutral,leg,1.0,1.0,1.0,1.0,1.0,0
r23,neutral,neck,1.0,1.0,1.0,1.0,1.0,0
r23,neutral,pelvis,1.0,1.0,1.0,1.0,1.0,0
r23,neutral,shoulder,1.0,1.0,1.0,1.0,1.0,0
r23,neutral,thumb,1.0,1.0,1.0,1.0,1.0,0
r23,neutral,torso,1.0,1.0,1.0,1.0,1.0,0
r23,curl_peak,arm,0.193,1.621,0.9969,0.519,1.353,268
r23,curl_peak,finger,0.113,1.918,0.9969,0.519,1.353,268
r23,curl_peak,foot,1.0,1.0,0.9969,0.519,1.353,268
r23,curl_peak,hand,0.07,5.387,0.9969,0.519,1.353,268
r23,curl_peak,head,1.0,1.0,0.9969,0.519,1.353,268
r23,curl_peak,leg,1.0,1.0,0.9969,0.519,1.353,268
r23,curl_peak,neck,0.999,1.001,0.9969,0.519,1.353,268
r23,curl_peak,pelvis,1.0,1.0,0.9969,0.519,1.353,268
r23,curl_peak,shoulder,0.807,1.287,0.9969,0.519,1.353,268
r23,curl_peak,thumb,0.486,1.4,0.9969,0.519,1.353,268
r23,curl_peak,torso,0.879,1.17,0.9969,0.519,1.353,268
r23,press_bottom,arm,0.312,2.765,1.0305,0.576,1.566,196
r23,press_bottom,finger,0.113,1.918,1.0305,0.576,1.566,196
r23,press_bottom,foot,1.0,1.0,1.0305,0.576,1.566,196
r23,press_bottom,hand,0.07,5.387,1.0305,0.576,1.566,196
r23,press_bottom,head,1.0,1.0,1.0305,0.576,1.566,196
r23,press_bottom,leg,1.0,1.0,1.0305,0.576,1.566,196
r23,press_bottom,neck,0.984,1.014,1.0305,0.576,1.566,196
r23,press_bottom,pelvis,1.0,1.0,1.0305,0.576,1.566,196
r23,press_bottom,shoulder,0.534,3.206,1.0305,0.576,1.566,196
r23,press_bottom,thumb,0.486,1.4,1.0305,0.576,1.566,196
r23,press_bottom,torso,0.889,2.424,1.0305,0.576,1.566,196
r23,press_top,arm,0.731,3.557,0.996,0.479,1.69,197
r23,press_top,finger,0.113,1.918,0.996,0.479,1.69,197
r23,press_top,foot,1.0,1.0,0.996,0.479,1.69,197
r23,press_top,hand,0.07,5.387,0.996,0.479,1.69,197
r23,press_top,head,1.0,1.0,0.996,0.479,1.69,197
r23,press_top,leg,1.0,1.0,0.996,0.479,1.69,197
r23,press_top,neck,0.974,1.026,0.996,0.479,1.69,197
r23,press_top,pelvis,1.0,1.0,0.996,0.479,1.69,197
r23,press_top,shoulder,0.222,4.333,0.996,0.479,1.69,197
r23,press_top,thumb,0.486,1.4,0.996,0.479,1.69,197
r23,press_top,torso,0.821,3.568,0.996,0.479,1.69,197
r23,press_top_rhythm,arm,0.731,3.34,1.0834,0.494,1.946,110
r23,press_top_rhythm,finger,0.113,1.918,1.0834,0.494,1.946,110
r23,press_top_rhythm,foot,1.0,1.0,1.0834,0.494,1.946,110
r23,press_top_rhythm,hand,0.07,5.387,1.0834,0.494,1.946,110
r23,press_top_rhythm,head,1.0,1.0,1.0834,0.494,1.946,110
r23,press_top_rhythm,leg,1.0,1.0,1.0834,0.494,1.946,110
r23,press_top_rhythm,neck,0.535,1.057,1.0834,0.494,1.946,110
r23,press_top_rhythm,pelvis,1.0,1.0,1.0834,0.494,1.946,110
r23,press_top_rhythm,shoulder,0.233,4.353,1.0834,0.494,1.946,110
r23,press_top_rhythm,thumb,0.486,1.4,1.0834,0.494,1.946,110
r23,press_top_rhythm,torso,0.65,4.055,1.0834,0.494,1.946,110
r23,squat_bottom,arm,0.594,3.448,0.9606,0.621,1.759,50
r23,squat_bottom,finger,1.0,1.0,0.9606,0.621,1.759,50
r23,squat_bottom,foot,0.857,1.32,0.9606,0.621,1.759,50
r23,squat_bottom,hand,1.0,1.0,0.9606,0.621,1.759,50
r23,squat_bottom,head,1.0,1.0,0.9606,0.621,1.759,50
r23,squat_bottom,leg,0.373,1.543,0.9606,0.621,1.759,50
r23,squat_bottom,neck,0.741,1.152,0.9606,0.621,1.759,50
r23,squat_bottom,pelvis,0.785,3.498,0.9606,0.621,1.759,50
r23,squat_bottom,shoulder,0.238,4.163,0.9606,0.621,1.759,50
r23,squat_bottom,thumb,1.0,1.0,0.9606,0.621,1.759,50
r23,squat_bottom,torso,0.173,4.204,0.9606,0.621,1.759,50
r23,pushup_bottom,arm,0.188,1.925,1.0072,0.739,1.311,156
r23,pushup_bottom,finger,1.0,1.0,1.0072,0.739,1.311,156
r23,pushup_bottom,foot,0.36,1.337,1.0072,0.739,1.311,156
r23,pushup_bottom,hand,0.139,1.915,1.0072,0.739,1.311,156
r23,pushup_bottom,head,1.0,1.0,1.0072,0.739,1.311,156
r23,pushup_bottom,leg,0.993,1.018,1.0072,0.739,1.311,156
r23,pushup_bottom,neck,0.994,1.006,1.0072,0.739,1.311,156
r23,pushup_bottom,pelvis,1.0,1.0,1.0072,0.739,1.311,156
r23,pushup_bottom,shoulder,0.761,2.07,1.0072,0.739,1.311,156
r23,pushup_bottom,thumb,1.0,1.0,1.0072,0.739,1.311,156
r23,pushup_bottom,torso,0.493,1.527,1.0072,0.739,1.311,156
r23,pullup_hang,arm,0.737,3.51,1.0025,0.482,1.684,155
r23,pullup_hang,finger,0.113,1.918,1.0025,0.482,1.684,155
r23,pullup_hang,foot,1.0,1.0,1.0025,0.482,1.684,155
r23,pullup_hang,hand,0.07,5.387,1.0025,0.482,1.684,155
r23,pullup_hang,head,1.0,1.0,1.0025,0.482,1.684,155
r23,pullup_hang,leg,1.0,1.0,1.0025,0.482,1.684,155
r23,pullup_hang,neck,0.976,1.024,1.0025,0.482,1.684,155
r23,pullup_hang,pelvis,1.0,1.0,1.0025,0.482,1.684,155
r23,pullup_hang,shoulder,0.221,4.303,1.0025,0.482,1.684,155
r23,pullup_hang,thumb,0.486,1.4,1.0025,0.482,1.684,155
r23,pullup_hang,torso,0.877,3.513,1.0025,0.482,1.684,155
r23,pullup_hang_rhythm,arm,0.734,3.304,1.0895,0.515,1.945,110
r23,pullup_hang_rhythm,finger,0.113,1.918,1.0895,0.515,1.945,110
r23,pullup_hang_rhythm,foot,1.0,1.0,1.0895,0.515,1.945,110
r23,pullup_hang_rhythm,hand,0.07,5.387,1.0895,0.515,1.945,110
r23,pullup_hang_rhythm,head,1.0,1.0,1.0895,0.515,1.945,110
r23,pullup_hang_rhythm,leg,1.0,1.0,1.0895,0.515,1.945,110
r23,pullup_hang_rhythm,neck,0.535,1.057,1.0895,0.515,1.945,110
r23,pullup_hang_rhythm,pelvis,1.0,1.0,1.0895,0.515,1.945,110
r23,pullup_hang_rhythm,shoulder,0.273,4.273,1.0895,0.515,1.945,110
r23,pullup_hang_rhythm,thumb,0.486,1.4,1.0895,0.515,1.945,110
r23,pullup_hang_rhythm,torso,0.65,3.978,1.0895,0.515,1.945,110
r23,pullup_top,arm,0.307,2.422,1.0269,0.568,1.497,216
r23,pullup_top,finger,0.113,1.918,1.0269,0.568,1.497,216
r23,pullup_top,foot,1.0,1.0,1.0269,0.568,1.497,216
r23,pullup_top,hand,0.07,5.387,1.0269,0.568,1.497,216
r23,pullup_top,head,1.0,1.0,1.0269,0.568,1.497,216
r23,pullup_top,leg,1.0,1.0,1.0269,0.568,1.497,216
r23,pullup_top,neck,0.987,1.011,1.0269,0.568,1.497,216
r23,pullup_top,pelvis,1.0,1.0,1.0269,0.568,1.497,216
r23,pullup_top,shoulder,0.626,2.695,1.0269,0.568,1.497,216
r23,pullup_top,thumb,0.486,1.4,1.0269,0.568,1.497,216
r23,pullup_top,torso,0.861,2.017,1.0269,0.568,1.497,216
r23,lunge,arm,1.0,1.0,0.9833,0.797,1.355,7
r23,lunge,finger,1.0,1.0,0.9833,0.797,1.355,7
r23,lunge,foot,0.419,1.308,0.9833,0.797,1.355,7
r23,lunge,hand,1.0,1.0,0.9833,0.797,1.355,7
r23,lunge,head,1.0,1.0,0.9833,0.797,1.355,7
r23,lunge,leg,0.269,1.615,0.9833,0.797,1.355,7
r23,lunge,neck,1.0,1.0,0.9833,0.797,1.355,7
r23,lunge,pelvis,0.563,7.559,0.9833,0.797,1.355,7
r23,lunge,shoulder,1.0,1.0,0.9833,0.797,1.355,7
r23,lunge,thumb,1.0,1.0,0.9833,0.797,1.355,7
r23,lunge,torso,0.121,7.2,0.9833,0.797,1.355,7
r23,row,arm,0.26,1.588,0.9839,0.494,1.437,110
r23,row,finger,0.113,1.918,0.9839,0.494,1.437,110
r23,row,foot,0.927,1.174,0.9839,0.494,1.437,110
r23,row,hand,0.07,5.387,0.9839,0.494,1.437,110
r23,row,head,1.0,1.0,0.9839,0.494,1.437,110
r23,row,leg,0.822,1.171,0.9839,0.494,1.437,110
r23,row,neck,0.609,1.279,0.9839,0.494,1.437,110
r23,row,pelvis,0.852,1.057,0.9839,0.494,1.437,110
r23,row,shoulder,0.306,1.524,0.9839,0.494,1.437,110
r23,row,thumb,0.486,1.4,0.9839,0.494,1.437,110
r23,row,torso,0.434,2.223,0.9839,0.494,1.437,110
r23,grip,arm,0.265,1.645,0.9967,0.539,1.365,152
r23,grip,finger,0.113,1.918,0.9967,0.539,1.365,152
r23,grip,foot,1.0,1.0,0.9967,0.539,1.365,152
r23,grip,hand,0.07,5.387,0.9967,0.539,1.365,152
r23,grip,head,1.0,1.0,0.9967,0.539,1.365,152
r23,grip,leg,1.0,1.0,0.9967,0.539,1.365,152
r23,grip,neck,1.0,1.0,0.9967,0.539,1.365,152
r23,grip,pelvis,1.0,1.0,0.9967,0.539,1.365,152
r23,grip,shoulder,1.0,1.0,0.9967,0.539,1.365,152
r23,grip,thumb,0.486,1.4,0.9967,0.539,1.365,152
r23,grip,torso,1.0,1.0,0.9967,0.539,1.365,152
r23,curl_handle,arm,0.193,1.621,0.997,0.575,1.309,266
r23,curl_handle,finger,0.086,1.792,0.997,0.575,1.309,266
r23,curl_handle,foot,1.0,1.0,0.997,0.575,1.309,266
r23,curl_handle,hand,0.334,1.514,0.997,0.575,1.309,266
r23,curl_handle,head,1.0,1.0,0.997,0.575,1.309,266
r23,curl_handle,leg,1.0,1.0,0.997,0.575,1.309,266
r23,curl_handle,neck,0.999,1.001,0.997,0.575,1.309,266
r23,curl_handle,pelvis,1.0,1.0,0.997,0.575,1.309,266
r23,curl_handle,shoulder,0.807,1.287,0.997,0.575,1.309,266
r23,curl_handle,thumb,0.596,1.334,0.997,0.575,1.309,266
r23,curl_handle,torso,0.879,1.17,0.997,0.575,1.309,266
r23,pullup_bar,arm,0.737,3.51,1.0025,0.533,1.672,154
r23,pullup_bar,finger,0.086,1.793,1.0025,0.533,1.672,154
r23,pullup_bar,foot,1.0,1.0,1.0025,0.533,1.672,154
r23,pullup_bar,hand,0.334,1.514,1.0025,0.533,1.672,154
r23,pullup_bar,head,1.0,1.0,1.0025,0.533,1.672,154
r23,pullup_bar,leg,1.0,1.0,1.0025,0.533,1.672,154
r23,pullup_bar,neck,0.976,1.024,1.0025,0.533,1.672,154
r23,pullup_bar,pelvis,1.0,1.0,1.0025,0.533,1.672,154
r23,pullup_bar,shoulder,0.221,4.303,1.0025,0.533,1.672,154
r23,pullup_bar,thumb,0.596,1.334,1.0025,0.533,1.672,154
r23,pullup_bar,torso,0.877,3.513,1.0025,0.533,1.672,154
r24,neutral,arm,1.0,1.0,1.0,1.0,1.0,0
r24,neutral,finger,1.0,1.0,1.0,1.0,1.0,0
r24,neutral,foot,1.0,1.0,1.0,1.0,1.0,0
r24,neutral,hand,1.0,1.0,1.0,1.0,1.0,0
r24,neutral,head,1.0,1.0,1.0,1.0,1.0,0
r24,neutral,leg,1.0,1.0,1.0,1.0,1.0,0
r24,neutral,neck,1.0,1.0,1.0,1.0,1.0,0
r24,neutral,pelvis,1.0,1.0,1.0,1.0,1.0,0
r24,neutral,shoulder,1.0,1.0,1.0,1.0,1.0,0
r24,neutral,thumb,1.0,1.0,1.0,1.0,1.0,0
r24,neutral,torso,1.0,1.0,1.0,1.0,1.0,0
r24,curl_peak,arm,0.193,1.621,0.997,0.518,1.355,268
r24,curl_peak,finger,0.113,1.918,0.997,0.518,1.355,268
r24,curl_peak,foot,1.0,1.0,0.997,0.518,1.355,268
r24,curl_peak,hand,0.07,5.387,0.997,0.518,1.355,268
r24,curl_peak,head,1.0,1.0,0.997,0.518,1.355,268
r24,curl_peak,leg,1.0,1.0,0.997,0.518,1.355,268
r24,curl_peak,neck,1.0,1.0,0.997,0.518,1.355,268
r24,curl_peak,pelvis,1.0,1.0,0.997,0.518,1.355,268
r24,curl_peak,shoulder,0.809,1.323,0.997,0.518,1.355,268
r24,curl_peak,thumb,0.486,1.4,0.997,0.518,1.355,268
r24,curl_peak,torso,0.86,1.207,0.997,0.518,1.355,268
r24,press_bottom,arm,0.312,2.544,1.0307,0.577,1.559,196
r24,press_bottom,finger,0.113,1.918,1.0307,0.577,1.559,196
r24,press_bottom,foot,1.0,1.0,1.0307,0.577,1.559,196
r24,press_bottom,hand,0.07,5.387,1.0307,0.577,1.559,196
r24,press_bottom,head,1.0,1.0,1.0307,0.577,1.559,196
r24,press_bottom,leg,1.0,1.0,1.0307,0.577,1.559,196
r24,press_bottom,neck,1.0,1.0,1.0307,0.577,1.559,196
r24,press_bottom,pelvis,1.0,1.0,1.0307,0.577,1.559,196
r24,press_bottom,shoulder,0.545,3.205,1.0307,0.577,1.559,196
r24,press_bottom,thumb,0.486,1.4,1.0307,0.577,1.559,196
r24,press_bottom,torso,0.889,2.362,1.0307,0.577,1.559,196
r24,press_top,arm,0.723,3.457,0.9962,0.481,1.688,181
r24,press_top,finger,0.113,1.918,0.9962,0.481,1.688,181
r24,press_top,foot,1.0,1.0,0.9962,0.481,1.688,181
r24,press_top,hand,0.07,5.387,0.9962,0.481,1.688,181
r24,press_top,head,1.0,1.0,0.9962,0.481,1.688,181
r24,press_top,leg,1.0,1.0,0.9962,0.481,1.688,181
r24,press_top,neck,1.0,1.0,0.9962,0.481,1.688,181
r24,press_top,pelvis,1.0,1.0,0.9962,0.481,1.688,181
r24,press_top,shoulder,0.188,4.335,0.9962,0.481,1.688,181
r24,press_top,thumb,0.486,1.4,0.9962,0.481,1.688,181
r24,press_top,torso,0.823,3.53,0.9962,0.481,1.688,181
r24,press_top_rhythm,arm,0.731,3.114,1.0837,0.5,1.945,118
r24,press_top_rhythm,finger,0.113,1.918,1.0837,0.5,1.945,118
r24,press_top_rhythm,foot,1.0,1.0,1.0837,0.5,1.945,118
r24,press_top_rhythm,hand,0.07,5.387,1.0837,0.5,1.945,118
r24,press_top_rhythm,head,1.0,1.0,1.0837,0.5,1.945,118
r24,press_top_rhythm,leg,1.0,1.0,1.0837,0.5,1.945,118
r24,press_top_rhythm,neck,0.535,1.052,1.0837,0.5,1.945,118
r24,press_top_rhythm,pelvis,1.0,1.0,1.0837,0.5,1.945,118
r24,press_top_rhythm,shoulder,0.236,4.33,1.0837,0.5,1.945,118
r24,press_top_rhythm,thumb,0.486,1.4,1.0837,0.5,1.945,118
r24,press_top_rhythm,torso,0.65,4.06,1.0837,0.5,1.945,118
r24,squat_bottom,arm,0.595,3.357,0.9607,0.62,1.758,42
r24,squat_bottom,finger,1.0,1.0,0.9607,0.62,1.758,42
r24,squat_bottom,foot,0.857,1.32,0.9607,0.62,1.758,42
r24,squat_bottom,hand,1.0,1.0,0.9607,0.62,1.758,42
r24,squat_bottom,head,1.0,1.0,0.9607,0.62,1.758,42
r24,squat_bottom,leg,0.373,1.543,0.9607,0.62,1.758,42
r24,squat_bottom,neck,0.753,1.132,0.9607,0.62,1.758,42
r24,squat_bottom,pelvis,0.785,3.498,0.9607,0.62,1.758,42
r24,squat_bottom,shoulder,0.237,4.224,0.9607,0.62,1.758,42
r24,squat_bottom,thumb,1.0,1.0,0.9607,0.62,1.758,42
r24,squat_bottom,torso,0.173,4.204,0.9607,0.62,1.758,42
r24,pushup_bottom,arm,0.188,1.925,1.0073,0.737,1.312,156
r24,pushup_bottom,finger,1.0,1.0,1.0073,0.737,1.312,156
r24,pushup_bottom,foot,0.36,1.337,1.0073,0.737,1.312,156
r24,pushup_bottom,hand,0.139,1.915,1.0073,0.737,1.312,156
r24,pushup_bottom,head,1.0,1.0,1.0073,0.737,1.312,156
r24,pushup_bottom,leg,0.993,1.018,1.0073,0.737,1.312,156
r24,pushup_bottom,neck,1.0,1.0,1.0073,0.737,1.312,156
r24,pushup_bottom,pelvis,1.0,1.0,1.0073,0.737,1.312,156
r24,pushup_bottom,shoulder,0.761,2.098,1.0073,0.737,1.312,156
r24,pushup_bottom,thumb,1.0,1.0,1.0073,0.737,1.312,156
r24,pushup_bottom,torso,0.493,1.641,1.0073,0.737,1.312,156
r24,pullup_hang,arm,0.737,3.411,1.0027,0.483,1.683,162
r24,pullup_hang,finger,0.113,1.918,1.0027,0.483,1.683,162
r24,pullup_hang,foot,1.0,1.0,1.0027,0.483,1.683,162
r24,pullup_hang,hand,0.07,5.387,1.0027,0.483,1.683,162
r24,pullup_hang,head,1.0,1.0,1.0027,0.483,1.683,162
r24,pullup_hang,leg,1.0,1.0,1.0027,0.483,1.683,162
r24,pullup_hang,neck,1.0,1.0,1.0027,0.483,1.683,162
r24,pullup_hang,pelvis,1.0,1.0,1.0027,0.483,1.683,162
r24,pullup_hang,shoulder,0.238,4.305,1.0027,0.483,1.683,162
r24,pullup_hang,thumb,0.486,1.4,1.0027,0.483,1.683,162
r24,pullup_hang,torso,0.87,3.46,1.0027,0.483,1.683,162
r24,pullup_hang_rhythm,arm,0.737,2.973,1.0898,0.529,1.945,110
r24,pullup_hang_rhythm,finger,0.113,1.918,1.0898,0.529,1.945,110
r24,pullup_hang_rhythm,foot,1.0,1.0,1.0898,0.529,1.945,110
r24,pullup_hang_rhythm,hand,0.07,5.387,1.0898,0.529,1.945,110
r24,pullup_hang_rhythm,head,1.0,1.0,1.0898,0.529,1.945,110
r24,pullup_hang_rhythm,leg,1.0,1.0,1.0898,0.529,1.945,110
r24,pullup_hang_rhythm,neck,0.535,1.052,1.0898,0.529,1.945,110
r24,pullup_hang_rhythm,pelvis,1.0,1.0,1.0898,0.529,1.945,110
r24,pullup_hang_rhythm,shoulder,0.269,4.245,1.0898,0.529,1.945,110
r24,pullup_hang_rhythm,thumb,0.486,1.4,1.0898,0.529,1.945,110
r24,pullup_hang_rhythm,torso,0.65,3.974,1.0898,0.529,1.945,110
r24,pullup_top,arm,0.307,2.221,1.027,0.568,1.501,216
r24,pullup_top,finger,0.113,1.918,1.027,0.568,1.501,216
r24,pullup_top,foot,1.0,1.0,1.027,0.568,1.501,216
r24,pullup_top,hand,0.07,5.387,1.027,0.568,1.501,216
r24,pullup_top,head,1.0,1.0,1.027,0.568,1.501,216
r24,pullup_top,leg,1.0,1.0,1.027,0.568,1.501,216
r24,pullup_top,neck,1.0,1.0,1.027,0.568,1.501,216
r24,pullup_top,pelvis,1.0,1.0,1.027,0.568,1.501,216
r24,pullup_top,shoulder,0.654,2.737,1.027,0.568,1.501,216
r24,pullup_top,thumb,0.486,1.4,1.027,0.568,1.501,216
r24,pullup_top,torso,0.86,1.967,1.027,0.568,1.501,216
r24,lunge,arm,1.0,1.0,0.9833,0.797,1.357,7
r24,lunge,finger,1.0,1.0,0.9833,0.797,1.357,7
r24,lunge,foot,0.419,1.308,0.9833,0.797,1.357,7
r24,lunge,hand,1.0,1.0,0.9833,0.797,1.357,7
r24,lunge,head,1.0,1.0,0.9833,0.797,1.357,7
r24,lunge,leg,0.269,1.615,0.9833,0.797,1.357,7
r24,lunge,neck,1.0,1.0,0.9833,0.797,1.357,7
r24,lunge,pelvis,0.563,7.559,0.9833,0.797,1.357,7
r24,lunge,shoulder,1.0,1.0,0.9833,0.797,1.357,7
r24,lunge,thumb,1.0,1.0,0.9833,0.797,1.357,7
r24,lunge,torso,0.121,7.2,0.9833,0.797,1.357,7
r24,row,arm,0.26,1.588,0.9838,0.492,1.44,110
r24,row,finger,0.113,1.918,0.9838,0.492,1.44,110
r24,row,foot,0.927,1.174,0.9838,0.492,1.44,110
r24,row,hand,0.07,5.387,0.9838,0.492,1.44,110
r24,row,head,1.0,1.0,0.9838,0.492,1.44,110
r24,row,leg,0.822,1.171,0.9838,0.492,1.44,110
r24,row,neck,0.621,1.24,0.9838,0.492,1.44,110
r24,row,pelvis,0.852,1.057,0.9838,0.492,1.44,110
r24,row,shoulder,0.347,1.578,0.9838,0.492,1.44,110
r24,row,thumb,0.486,1.4,0.9838,0.492,1.44,110
r24,row,torso,0.434,2.223,0.9838,0.492,1.44,110
r24,grip,arm,0.265,1.645,0.9967,0.538,1.367,152
r24,grip,finger,0.113,1.918,0.9967,0.538,1.367,152
r24,grip,foot,1.0,1.0,0.9967,0.538,1.367,152
r24,grip,hand,0.07,5.387,0.9967,0.538,1.367,152
r24,grip,head,1.0,1.0,0.9967,0.538,1.367,152
r24,grip,leg,1.0,1.0,0.9967,0.538,1.367,152
r24,grip,neck,1.0,1.0,0.9967,0.538,1.367,152
r24,grip,pelvis,1.0,1.0,0.9967,0.538,1.367,152
r24,grip,shoulder,1.0,1.0,0.9967,0.538,1.367,152
r24,grip,thumb,0.486,1.4,0.9967,0.538,1.367,152
r24,grip,torso,1.0,1.0,0.9967,0.538,1.367,152
r24,curl_handle,arm,0.193,1.621,0.997,0.573,1.311,266
r24,curl_handle,finger,0.086,1.792,0.997,0.573,1.311,266
r24,curl_handle,foot,1.0,1.0,0.997,0.573,1.311,266
r24,curl_handle,hand,0.334,1.514,0.997,0.573,1.311,266
r24,curl_handle,head,1.0,1.0,0.997,0.573,1.311,266
r24,curl_handle,leg,1.0,1.0,0.997,0.573,1.311,266
r24,curl_handle,neck,1.0,1.0,0.997,0.573,1.311,266
r24,curl_handle,pelvis,1.0,1.0,0.997,0.573,1.311,266
r24,curl_handle,shoulder,0.809,1.323,0.997,0.573,1.311,266
r24,curl_handle,thumb,0.596,1.334,0.997,0.573,1.311,266
r24,curl_handle,torso,0.86,1.207,0.997,0.573,1.311,266
r24,pullup_bar,arm,0.737,3.411,1.0027,0.547,1.667,161
r24,pullup_bar,finger,0.086,1.793,1.0027,0.547,1.667,161
r24,pullup_bar,foot,1.0,1.0,1.0027,0.547,1.667,161
r24,pullup_bar,hand,0.334,1.514,1.0027,0.547,1.667,161
r24,pullup_bar,head,1.0,1.0,1.0027,0.547,1.667,161
r24,pullup_bar,leg,1.0,1.0,1.0027,0.547,1.667,161
r24,pullup_bar,neck,1.0,1.0,1.0027,0.547,1.667,161
r24,pullup_bar,pelvis,1.0,1.0,1.0027,0.547,1.667,161
r24,pullup_bar,shoulder,0.238,4.305,1.0027,0.547,1.667,161
r24,pullup_bar,thumb,0.596,1.334,1.0027,0.547,1.667,161
r24,pullup_bar,torso,0.87,3.46,1.0027,0.547,1.667,161
r25,neutral,arm,1.0,1.0,1.0,1.0,1.0,0
r25,neutral,finger,1.0,1.0,1.0,1.0,1.0,0
r25,neutral,foot,1.0,1.0,1.0,1.0,1.0,0
r25,neutral,hand,1.0,1.0,1.0,1.0,1.0,0
r25,neutral,head,1.0,1.0,1.0,1.0,1.0,0
r25,neutral,leg,1.0,1.0,1.0,1.0,1.0,0
r25,neutral,neck,1.0,1.0,1.0,1.0,1.0,0
r25,neutral,pelvis,1.0,1.0,1.0,1.0,1.0,0
r25,neutral,shoulder,1.0,1.0,1.0,1.0,1.0,0
r25,neutral,thumb,1.0,1.0,1.0,1.0,1.0,0
r25,neutral,torso,1.0,1.0,1.0,1.0,1.0,0
r25,curl_peak,arm,0.193,1.621,0.9969,0.531,1.38,210
r25,curl_peak,finger,0.238,2.01,0.9969,0.531,1.38,210
r25,curl_peak,foot,1.0,1.0,0.9969,0.531,1.38,210
r25,curl_peak,hand,0.244,3.585,0.9969,0.531,1.38,210
r25,curl_peak,head,1.0,1.0,0.9969,0.531,1.38,210
r25,curl_peak,leg,1.0,1.0,0.9969,0.531,1.38,210
r25,curl_peak,neck,1.0,1.0,0.9969,0.531,1.38,210
r25,curl_peak,pelvis,1.0,1.0,0.9969,0.531,1.38,210
r25,curl_peak,shoulder,0.809,1.323,0.9969,0.531,1.38,210
r25,curl_peak,thumb,0.51,1.4,0.9969,0.531,1.38,210
r25,curl_peak,torso,0.86,1.207,0.9969,0.531,1.38,210
r25,press_bottom,arm,0.312,2.544,1.0307,0.582,1.579,138
r25,press_bottom,finger,0.238,2.01,1.0307,0.582,1.579,138
r25,press_bottom,foot,1.0,1.0,1.0307,0.582,1.579,138
r25,press_bottom,hand,0.244,3.585,1.0307,0.582,1.579,138
r25,press_bottom,head,1.0,1.0,1.0307,0.582,1.579,138
r25,press_bottom,leg,1.0,1.0,1.0307,0.582,1.579,138
r25,press_bottom,neck,1.0,1.0,1.0307,0.582,1.579,138
r25,press_bottom,pelvis,1.0,1.0,1.0307,0.582,1.579,138
r25,press_bottom,shoulder,0.545,3.205,1.0307,0.582,1.579,138
r25,press_bottom,thumb,0.51,1.4,1.0307,0.582,1.579,138
r25,press_bottom,torso,0.889,2.362,1.0307,0.582,1.579,138
r25,press_top,arm,0.723,3.457,0.9962,0.5,1.73,123
r25,press_top,finger,0.238,2.01,0.9962,0.5,1.73,123
r25,press_top,foot,1.0,1.0,0.9962,0.5,1.73,123
r25,press_top,hand,0.244,3.585,0.9962,0.5,1.73,123
r25,press_top,head,1.0,1.0,0.9962,0.5,1.73,123
r25,press_top,leg,1.0,1.0,0.9962,0.5,1.73,123
r25,press_top,neck,1.0,1.0,0.9962,0.5,1.73,123
r25,press_top,pelvis,1.0,1.0,0.9962,0.5,1.73,123
r25,press_top,shoulder,0.188,4.335,0.9962,0.5,1.73,123
r25,press_top,thumb,0.51,1.4,0.9962,0.5,1.73,123
r25,press_top,torso,0.823,3.53,0.9962,0.5,1.73,123
r25,press_top_rhythm,arm,0.731,3.114,1.0836,0.514,1.955,60
r25,press_top_rhythm,finger,0.238,2.01,1.0836,0.514,1.955,60
r25,press_top_rhythm,foot,1.0,1.0,1.0836,0.514,1.955,60
r25,press_top_rhythm,hand,0.244,3.585,1.0836,0.514,1.955,60
r25,press_top_rhythm,head,1.0,1.0,1.0836,0.514,1.955,60
r25,press_top_rhythm,leg,1.0,1.0,1.0836,0.514,1.955,60
r25,press_top_rhythm,neck,0.535,1.052,1.0836,0.514,1.955,60
r25,press_top_rhythm,pelvis,1.0,1.0,1.0836,0.514,1.955,60
r25,press_top_rhythm,shoulder,0.236,4.33,1.0836,0.514,1.955,60
r25,press_top_rhythm,thumb,0.51,1.4,1.0836,0.514,1.955,60
r25,press_top_rhythm,torso,0.65,4.06,1.0836,0.514,1.955,60
r25,squat_bottom,arm,0.595,3.357,0.9607,0.62,1.758,42
r25,squat_bottom,finger,1.0,1.0,0.9607,0.62,1.758,42
r25,squat_bottom,foot,0.857,1.32,0.9607,0.62,1.758,42
r25,squat_bottom,hand,1.0,1.0,0.9607,0.62,1.758,42
r25,squat_bottom,head,1.0,1.0,0.9607,0.62,1.758,42
r25,squat_bottom,leg,0.373,1.543,0.9607,0.62,1.758,42
r25,squat_bottom,neck,0.753,1.132,0.9607,0.62,1.758,42
r25,squat_bottom,pelvis,0.785,3.498,0.9607,0.62,1.758,42
r25,squat_bottom,shoulder,0.237,4.224,0.9607,0.62,1.758,42
r25,squat_bottom,thumb,1.0,1.0,0.9607,0.62,1.758,42
r25,squat_bottom,torso,0.173,4.204,0.9607,0.62,1.758,42
r25,pushup_bottom,arm,0.188,2.004,1.0071,0.728,1.326,142
r25,pushup_bottom,finger,1.0,1.0,1.0071,0.728,1.326,142
r25,pushup_bottom,foot,0.36,1.337,1.0071,0.728,1.326,142
r25,pushup_bottom,hand,0.239,2.083,1.0071,0.728,1.326,142
r25,pushup_bottom,head,1.0,1.0,1.0071,0.728,1.326,142
r25,pushup_bottom,leg,0.993,1.018,1.0071,0.728,1.326,142
r25,pushup_bottom,neck,1.0,1.0,1.0071,0.728,1.326,142
r25,pushup_bottom,pelvis,1.0,1.0,1.0071,0.728,1.326,142
r25,pushup_bottom,shoulder,0.761,2.098,1.0071,0.728,1.326,142
r25,pushup_bottom,thumb,1.0,1.0,1.0071,0.728,1.326,142
r25,pushup_bottom,torso,0.493,1.641,1.0071,0.728,1.326,142
r25,pullup_hang,arm,0.737,3.411,1.0026,0.502,1.73,105
r25,pullup_hang,finger,0.238,2.01,1.0026,0.502,1.73,105
r25,pullup_hang,foot,1.0,1.0,1.0026,0.502,1.73,105
r25,pullup_hang,hand,0.244,3.585,1.0026,0.502,1.73,105
r25,pullup_hang,head,1.0,1.0,1.0026,0.502,1.73,105
r25,pullup_hang,leg,1.0,1.0,1.0026,0.502,1.73,105
r25,pullup_hang,neck,1.0,1.0,1.0026,0.502,1.73,105
r25,pullup_hang,pelvis,1.0,1.0,1.0026,0.502,1.73,105
r25,pullup_hang,shoulder,0.238,4.305,1.0026,0.502,1.73,105
r25,pullup_hang,thumb,0.51,1.4,1.0026,0.502,1.73,105
r25,pullup_hang,torso,0.87,3.46,1.0026,0.502,1.73,105
r25,pullup_hang_rhythm,arm,0.737,2.973,1.0898,0.536,1.948,52
r25,pullup_hang_rhythm,finger,0.238,2.01,1.0898,0.536,1.948,52
r25,pullup_hang_rhythm,foot,1.0,1.0,1.0898,0.536,1.948,52
r25,pullup_hang_rhythm,hand,0.244,3.585,1.0898,0.536,1.948,52
r25,pullup_hang_rhythm,head,1.0,1.0,1.0898,0.536,1.948,52
r25,pullup_hang_rhythm,leg,1.0,1.0,1.0898,0.536,1.948,52
r25,pullup_hang_rhythm,neck,0.535,1.052,1.0898,0.536,1.948,52
r25,pullup_hang_rhythm,pelvis,1.0,1.0,1.0898,0.536,1.948,52
r25,pullup_hang_rhythm,shoulder,0.269,4.245,1.0898,0.536,1.948,52
r25,pullup_hang_rhythm,thumb,0.51,1.4,1.0898,0.536,1.948,52
r25,pullup_hang_rhythm,torso,0.65,3.974,1.0898,0.536,1.948,52
r25,pullup_top,arm,0.307,2.221,1.027,0.572,1.523,158
r25,pullup_top,finger,0.238,2.01,1.027,0.572,1.523,158
r25,pullup_top,foot,1.0,1.0,1.027,0.572,1.523,158
r25,pullup_top,hand,0.244,3.585,1.027,0.572,1.523,158
r25,pullup_top,head,1.0,1.0,1.027,0.572,1.523,158
r25,pullup_top,leg,1.0,1.0,1.027,0.572,1.523,158
r25,pullup_top,neck,1.0,1.0,1.027,0.572,1.523,158
r25,pullup_top,pelvis,1.0,1.0,1.027,0.572,1.523,158
r25,pullup_top,shoulder,0.654,2.737,1.027,0.572,1.523,158
r25,pullup_top,thumb,0.51,1.4,1.027,0.572,1.523,158
r25,pullup_top,torso,0.86,1.967,1.027,0.572,1.523,158
r25,lunge,arm,1.0,1.0,0.9833,0.797,1.357,7
r25,lunge,finger,1.0,1.0,0.9833,0.797,1.357,7
r25,lunge,foot,0.419,1.308,0.9833,0.797,1.357,7
r25,lunge,hand,1.0,1.0,0.9833,0.797,1.357,7
r25,lunge,head,1.0,1.0,0.9833,0.797,1.357,7
r25,lunge,leg,0.269,1.615,0.9833,0.797,1.357,7
r25,lunge,neck,1.0,1.0,0.9833,0.797,1.357,7
r25,lunge,pelvis,0.563,7.559,0.9833,0.797,1.357,7
r25,lunge,shoulder,1.0,1.0,0.9833,0.797,1.357,7
r25,lunge,thumb,1.0,1.0,0.9833,0.797,1.357,7
r25,lunge,torso,0.121,7.2,0.9833,0.797,1.357,7
r25,row,arm,0.26,1.588,0.9838,0.519,1.454,52
r25,row,finger,0.238,2.01,0.9838,0.519,1.454,52
r25,row,foot,0.927,1.174,0.9838,0.519,1.454,52
r25,row,hand,0.244,3.585,0.9838,0.519,1.454,52
r25,row,head,1.0,1.0,0.9838,0.519,1.454,52
r25,row,leg,0.822,1.171,0.9838,0.519,1.454,52
r25,row,neck,0.621,1.24,0.9838,0.519,1.454,52
r25,row,pelvis,0.852,1.057,0.9838,0.519,1.454,52
r25,row,shoulder,0.347,1.578,0.9838,0.519,1.454,52
r25,row,thumb,0.51,1.4,0.9838,0.519,1.454,52
r25,row,torso,0.434,2.223,0.9838,0.519,1.454,52
r25,grip,arm,0.265,1.645,0.9966,0.546,1.393,94
r25,grip,finger,0.238,2.01,0.9966,0.546,1.393,94
r25,grip,foot,1.0,1.0,0.9966,0.546,1.393,94
r25,grip,hand,0.244,3.585,0.9966,0.546,1.393,94
r25,grip,head,1.0,1.0,0.9966,0.546,1.393,94
r25,grip,leg,1.0,1.0,0.9966,0.546,1.393,94
r25,grip,neck,1.0,1.0,0.9966,0.546,1.393,94
r25,grip,pelvis,1.0,1.0,0.9966,0.546,1.393,94
r25,grip,shoulder,1.0,1.0,0.9966,0.546,1.393,94
r25,grip,thumb,0.51,1.4,0.9966,0.546,1.393,94
r25,grip,torso,1.0,1.0,0.9966,0.546,1.393,94
r25,curl_handle,arm,0.193,1.621,0.997,0.596,1.328,196
r25,curl_handle,finger,0.233,1.891,0.997,0.596,1.328,196
r25,curl_handle,foot,1.0,1.0,0.997,0.596,1.328,196
r25,curl_handle,hand,0.337,1.457,0.997,0.596,1.328,196
r25,curl_handle,head,1.0,1.0,0.997,0.596,1.328,196
r25,curl_handle,leg,1.0,1.0,0.997,0.596,1.328,196
r25,curl_handle,neck,1.0,1.0,0.997,0.596,1.328,196
r25,curl_handle,pelvis,1.0,1.0,0.997,0.596,1.328,196
r25,curl_handle,shoulder,0.809,1.323,0.997,0.596,1.328,196
r25,curl_handle,thumb,0.596,1.334,0.997,0.596,1.328,196
r25,curl_handle,torso,0.86,1.207,0.997,0.596,1.328,196
r25,pullup_bar,arm,0.737,3.411,1.0027,0.568,1.682,91
r25,pullup_bar,finger,0.233,1.891,1.0027,0.568,1.682,91
r25,pullup_bar,foot,1.0,1.0,1.0027,0.568,1.682,91
r25,pullup_bar,hand,0.337,1.457,1.0027,0.568,1.682,91
r25,pullup_bar,head,1.0,1.0,1.0027,0.568,1.682,91
r25,pullup_bar,leg,1.0,1.0,1.0027,0.568,1.682,91
r25,pullup_bar,neck,1.0,1.0,1.0027,0.568,1.682,91
r25,pullup_bar,pelvis,1.0,1.0,1.0027,0.568,1.682,91
r25,pullup_bar,shoulder,0.238,4.305,1.0027,0.568,1.682,91
r25,pullup_bar,thumb,0.596,1.334,1.0027,0.568,1.682,91
r25,pullup_bar,torso,0.87,3.46,1.0027,0.568,1.682,91
r26,neutral,arm,1.0,1.0,1.0,1.0,1.0,0
r26,neutral,finger,1.0,1.0,1.0,1.0,1.0,0
r26,neutral,foot,1.0,1.0,1.0,1.0,1.0,0
r26,neutral,hand,1.0,1.0,1.0,1.0,1.0,0
r26,neutral,head,1.0,1.0,1.0,1.0,1.0,0
r26,neutral,leg,1.0,1.0,1.0,1.0,1.0,0
r26,neutral,neck,1.0,1.0,1.0,1.0,1.0,0
r26,neutral,pelvis,1.0,1.0,1.0,1.0,1.0,0
r26,neutral,shoulder,1.0,1.0,1.0,1.0,1.0,0
r26,neutral,thumb,1.0,1.0,1.0,1.0,1.0,0
r26,neutral,torso,1.0,1.0,1.0,1.0,1.0,0
r26,curl_peak,arm,0.193,1.621,0.9969,0.527,1.38,210
r26,curl_peak,finger,0.239,2.007,0.9969,0.527,1.38,210
r26,curl_peak,foot,1.0,1.0,0.9969,0.527,1.38,210
r26,curl_peak,hand,0.244,3.495,0.9969,0.527,1.38,210
r26,curl_peak,head,1.0,1.0,0.9969,0.527,1.38,210
r26,curl_peak,leg,1.0,1.0,0.9969,0.527,1.38,210
r26,curl_peak,neck,1.0,1.0,0.9969,0.527,1.38,210
r26,curl_peak,pelvis,1.0,1.0,0.9969,0.527,1.38,210
r26,curl_peak,shoulder,0.823,1.32,0.9969,0.527,1.38,210
r26,curl_peak,thumb,0.51,1.4,0.9969,0.527,1.38,210
r26,curl_peak,torso,0.87,1.166,0.9969,0.527,1.38,210
r26,press_bottom,arm,0.312,2.123,1.0307,0.583,1.576,138
r26,press_bottom,finger,0.239,2.007,1.0307,0.583,1.576,138
r26,press_bottom,foot,1.0,1.0,1.0307,0.583,1.576,138
r26,press_bottom,hand,0.244,3.495,1.0307,0.583,1.576,138
r26,press_bottom,head,1.0,1.0,1.0307,0.583,1.576,138
r26,press_bottom,leg,1.0,1.0,1.0307,0.583,1.576,138
r26,press_bottom,neck,1.0,1.0,1.0307,0.583,1.576,138
r26,press_bottom,pelvis,1.0,1.0,1.0307,0.583,1.576,138
r26,press_bottom,shoulder,0.548,3.192,1.0307,0.583,1.576,138
r26,press_bottom,thumb,0.51,1.4,1.0307,0.583,1.576,138
r26,press_bottom,torso,0.889,2.272,1.0307,0.583,1.576,138
r26,press_top,arm,0.731,2.833,0.9962,0.49,1.751,128
r26,press_top,finger,0.239,2.007,0.9962,0.49,1.751,128
r26,press_top,foot,1.0,1.0,0.9962,0.49,1.751,128
r26,press_top,hand,0.244,3.495,0.9962,0.49,1.751,128
r26,press_top,head,1.0,1.0,0.9962,0.49,1.751,128
r26,press_top,leg,1.0,1.0,0.9962,0.49,1.751,128
r26,press_top,neck,1.0,1.0,0.9962,0.49,1.751,128
r26,press_top,pelvis,1.0,1.0,0.9962,0.49,1.751,128
r26,press_top,shoulder,0.215,4.329,0.9962,0.49,1.751,128
r26,press_top,thumb,0.51,1.4,0.9962,0.49,1.751,128
r26,press_top,torso,0.823,3.316,0.9962,0.49,1.751,128
r26,press_top_rhythm,arm,0.731,2.591,1.0836,0.514,1.999,52
r26,press_top_rhythm,finger,0.239,2.007,1.0836,0.514,1.999,52
r26,press_top_rhythm,foot,1.0,1.0,1.0836,0.514,1.999,52
r26,press_top_rhythm,hand,0.244,3.495,1.0836,0.514,1.999,52
r26,press_top_rhythm,head,1.0,1.0,1.0836,0.514,1.999,52
r26,press_top_rhythm,leg,1.0,1.0,1.0836,0.514,1.999,52
r26,press_top_rhythm,neck,0.535,1.052,1.0836,0.514,1.999,52
r26,press_top_rhythm,pelvis,1.0,1.0,1.0836,0.514,1.999,52
r26,press_top_rhythm,shoulder,0.237,4.306,1.0836,0.514,1.999,52
r26,press_top_rhythm,thumb,0.51,1.4,1.0836,0.514,1.999,52
r26,press_top_rhythm,torso,0.65,3.798,1.0836,0.514,1.999,52
r26,squat_bottom,arm,0.597,2.661,0.9607,0.611,1.779,40
r26,squat_bottom,finger,1.0,1.0,0.9607,0.611,1.779,40
r26,squat_bottom,foot,0.857,1.32,0.9607,0.611,1.779,40
r26,squat_bottom,hand,1.0,1.0,0.9607,0.611,1.779,40
r26,squat_bottom,head,1.0,1.0,0.9607,0.611,1.779,40
r26,squat_bottom,leg,0.373,1.543,0.9607,0.611,1.779,40
r26,squat_bottom,neck,0.753,1.132,0.9607,0.611,1.779,40
r26,squat_bottom,pelvis,0.785,3.498,0.9607,0.611,1.779,40
r26,squat_bottom,shoulder,0.244,4.214,0.9607,0.611,1.779,40
r26,squat_bottom,thumb,1.0,1.0,0.9607,0.611,1.779,40
r26,squat_bottom,torso,0.173,4.204,0.9607,0.611,1.779,40
r26,pushup_bottom,arm,0.188,2.004,1.0071,0.728,1.322,142
r26,pushup_bottom,finger,1.0,1.0,1.0071,0.728,1.322,142
r26,pushup_bottom,foot,0.36,1.337,1.0071,0.728,1.322,142
r26,pushup_bottom,hand,0.24,2.082,1.0071,0.728,1.322,142
r26,pushup_bottom,head,1.0,1.0,1.0071,0.728,1.322,142
r26,pushup_bottom,leg,0.993,1.018,1.0071,0.728,1.322,142
r26,pushup_bottom,neck,1.0,1.0,1.0071,0.728,1.322,142
r26,pushup_bottom,pelvis,1.0,1.0,1.0071,0.728,1.322,142
r26,pushup_bottom,shoulder,0.761,2.071,1.0071,0.728,1.322,142
r26,pushup_bottom,thumb,1.0,1.0,1.0071,0.728,1.322,142
r26,pushup_bottom,torso,0.493,1.565,1.0071,0.728,1.322,142
r26,pullup_hang,arm,0.737,2.804,1.0026,0.497,1.739,100
r26,pullup_hang,finger,0.239,2.007,1.0026,0.497,1.739,100
r26,pullup_hang,foot,1.0,1.0,1.0026,0.497,1.739,100
r26,pullup_hang,hand,0.244,3.495,1.0026,0.497,1.739,100
r26,pullup_hang,head,1.0,1.0,1.0026,0.497,1.739,100
r26,pullup_hang,leg,1.0,1.0,1.0026,0.497,1.739,100
r26,pullup_hang,neck,1.0,1.0,1.0026,0.497,1.739,100
r26,pullup_hang,pelvis,1.0,1.0,1.0026,0.497,1.739,100
r26,pullup_hang,shoulder,0.239,4.299,1.0026,0.497,1.739,100
r26,pullup_hang,thumb,0.51,1.4,1.0026,0.497,1.739,100
r26,pullup_hang,torso,0.877,3.265,1.0026,0.497,1.739,100
r26,pullup_hang_rhythm,arm,0.737,2.487,1.0898,0.538,1.973,52
r26,pullup_hang_rhythm,finger,0.239,2.007,1.0898,0.538,1.973,52
r26,pullup_hang_rhythm,foot,1.0,1.0,1.0898,0.538,1.973,52
r26,pullup_hang_rhythm,hand,0.244,3.495,1.0898,0.538,1.973,52
r26,pullup_hang_rhythm,head,1.0,1.0,1.0898,0.538,1.973,52
r26,pullup_hang_rhythm,leg,1.0,1.0,1.0898,0.538,1.973,52
r26,pullup_hang_rhythm,neck,0.535,1.052,1.0898,0.538,1.973,52
r26,pullup_hang_rhythm,pelvis,1.0,1.0,1.0898,0.538,1.973,52
r26,pullup_hang_rhythm,shoulder,0.277,4.226,1.0898,0.538,1.973,52
r26,pullup_hang_rhythm,thumb,0.51,1.4,1.0898,0.538,1.973,52
r26,pullup_hang_rhythm,torso,0.65,3.708,1.0898,0.538,1.973,52
r26,pullup_top,arm,0.307,1.83,1.027,0.57,1.513,158
r26,pullup_top,finger,0.239,2.007,1.027,0.57,1.513,158
r26,pullup_top,foot,1.0,1.0,1.027,0.57,1.513,158
r26,pullup_top,hand,0.244,3.495,1.027,0.57,1.513,158
r26,pullup_top,head,1.0,1.0,1.027,0.57,1.513,158
r26,pullup_top,leg,1.0,1.0,1.027,0.57,1.513,158
r26,pullup_top,neck,1.0,1.0,1.027,0.57,1.513,158
r26,pullup_top,pelvis,1.0,1.0,1.027,0.57,1.513,158
r26,pullup_top,shoulder,0.67,2.697,1.027,0.57,1.513,158
r26,pullup_top,thumb,0.51,1.4,1.027,0.57,1.513,158
r26,pullup_top,torso,0.861,1.902,1.027,0.57,1.513,158
r26,lunge,arm,1.0,1.0,0.9834,0.797,1.349,7
r26,lunge,finger,1.0,1.0,0.9834,0.797,1.349,7
r26,lunge,foot,0.419,1.308,0.9834,0.797,1.349,7
r26,lunge,hand,1.0,1.0,0.9834,0.797,1.349,7
r26,lunge,head,1.0,1.0,0.9834,0.797,1.349,7
r26,lunge,leg,0.269,1.615,0.9834,0.797,1.349,7
r26,lunge,neck,1.0,1.0,0.9834,0.797,1.349,7
r26,lunge,pelvis,0.563,7.559,0.9834,0.797,1.349,7
r26,lunge,shoulder,1.0,1.0,0.9834,0.797,1.349,7
r26,lunge,thumb,1.0,1.0,0.9834,0.797,1.349,7
r26,lunge,torso,0.12,7.2,0.9834,0.797,1.349,7
r26,row,arm,0.26,1.588,0.9838,0.519,1.454,52
r26,row,finger,0.239,2.007,0.9838,0.519,1.454,52
r26,row,foot,0.927,1.174,0.9838,0.519,1.454,52
r26,row,hand,0.244,3.495,0.9838,0.519,1.454,52
r26,row,head,1.0,1.0,0.9838,0.519,1.454,52
r26,row,leg,0.822,1.171,0.9838,0.519,1.454,52
r26,row,neck,0.621,1.24,0.9838,0.519,1.454,52
r26,row,pelvis,0.852,1.057,0.9838,0.519,1.454,52
r26,row,shoulder,0.347,1.575,0.9838,0.519,1.454,52
r26,row,thumb,0.51,1.4,0.9838,0.519,1.454,52
r26,row,torso,0.435,2.223,0.9838,0.519,1.454,52
r26,grip,arm,0.265,1.645,0.9966,0.548,1.393,94
r26,grip,finger,0.239,2.007,0.9966,0.548,1.393,94
r26,grip,foot,1.0,1.0,0.9966,0.548,1.393,94
r26,grip,hand,0.244,3.495,0.9966,0.548,1.393,94
r26,grip,head,1.0,1.0,0.9966,0.548,1.393,94
r26,grip,leg,1.0,1.0,0.9966,0.548,1.393,94
r26,grip,neck,1.0,1.0,0.9966,0.548,1.393,94
r26,grip,pelvis,1.0,1.0,0.9966,0.548,1.393,94
r26,grip,shoulder,1.0,1.0,0.9966,0.548,1.393,94
r26,grip,thumb,0.51,1.4,0.9966,0.548,1.393,94
r26,grip,torso,1.0,1.0,0.9966,0.548,1.393,94
r26,curl_handle,arm,0.193,1.621,0.997,0.596,1.328,198
r26,curl_handle,finger,0.234,1.888,0.997,0.596,1.328,198
r26,curl_handle,foot,1.0,1.0,0.997,0.596,1.328,198
r26,curl_handle,hand,0.337,1.457,0.997,0.596,1.328,198
r26,curl_handle,head,1.0,1.0,0.997,0.596,1.328,198
r26,curl_handle,leg,1.0,1.0,0.997,0.596,1.328,198
r26,curl_handle,neck,1.0,1.0,0.997,0.596,1.328,198
r26,curl_handle,pelvis,1.0,1.0,0.997,0.596,1.328,198
r26,curl_handle,shoulder,0.823,1.32,0.997,0.596,1.328,198
r26,curl_handle,thumb,0.596,1.334,0.997,0.596,1.328,198
r26,curl_handle,torso,0.87,1.166,0.997,0.596,1.328,198
r26,pullup_bar,arm,0.737,2.804,1.0027,0.568,1.709,88
r26,pullup_bar,finger,0.234,1.888,1.0027,0.568,1.709,88
r26,pullup_bar,foot,1.0,1.0,1.0027,0.568,1.709,88
r26,pullup_bar,hand,0.337,1.457,1.0027,0.568,1.709,88
r26,pullup_bar,head,1.0,1.0,1.0027,0.568,1.709,88
r26,pullup_bar,leg,1.0,1.0,1.0027,0.568,1.709,88
r26,pullup_bar,neck,1.0,1.0,1.0027,0.568,1.709,88
r26,pullup_bar,pelvis,1.0,1.0,1.0027,0.568,1.709,88
r26,pullup_bar,shoulder,0.239,4.299,1.0027,0.568,1.709,88
r26,pullup_bar,thumb,0.596,1.334,1.0027,0.568,1.709,88
r26,pullup_bar,torso,0.877,3.265,1.0027,0.568,1.709,88
r27,neutral,arm,1.0,1.0,1.0,1.0,1.0,0
r27,neutral,finger,1.0,1.0,1.0,1.0,1.0,0
r27,neutral,foot,1.0,1.0,1.0,1.0,1.0,0
r27,neutral,hand,1.0,1.0,1.0,1.0,1.0,0
r27,neutral,head,1.0,1.0,1.0,1.0,1.0,0
r27,neutral,leg,1.0,1.0,1.0,1.0,1.0,0
r27,neutral,neck,1.0,1.0,1.0,1.0,1.0,0
r27,neutral,pelvis,1.0,1.0,1.0,1.0,1.0,0
r27,neutral,shoulder,1.0,1.0,1.0,1.0,1.0,0
r27,neutral,thumb,1.0,1.0,1.0,1.0,1.0,0
r27,neutral,torso,1.0,1.0,1.0,1.0,1.0,0
r27,curl_peak,arm,0.193,1.621,0.9969,0.525,1.352,210
r27,curl_peak,finger,0.239,1.946,0.9969,0.525,1.352,210
r27,curl_peak,foot,1.0,1.0,0.9969,0.525,1.352,210
r27,curl_peak,hand,0.245,4.248,0.9969,0.525,1.352,210
r27,curl_peak,head,1.0,1.0,0.9969,0.525,1.352,210
r27,curl_peak,leg,1.0,1.0,0.9969,0.525,1.352,210
r27,curl_peak,neck,1.0,1.0,0.9969,0.525,1.352,210
r27,curl_peak,pelvis,1.0,1.0,0.9969,0.525,1.352,210
r27,curl_peak,shoulder,0.823,1.32,0.9969,0.525,1.352,210
r27,curl_peak,thumb,0.51,1.341,0.9969,0.525,1.352,210
r27,curl_peak,torso,0.87,1.166,0.9969,0.525,1.352,210
r27,press_bottom,arm,0.312,2.123,1.0307,0.582,1.558,138
r27,press_bottom,finger,0.239,1.946,1.0307,0.582,1.558,138
r27,press_bottom,foot,1.0,1.0,1.0307,0.582,1.558,138
r27,press_bottom,hand,0.244,4.248,1.0307,0.582,1.558,138
r27,press_bottom,head,1.0,1.0,1.0307,0.582,1.558,138
r27,press_bottom,leg,1.0,1.0,1.0307,0.582,1.558,138
r27,press_bottom,neck,1.0,1.0,1.0307,0.582,1.558,138
r27,press_bottom,pelvis,1.0,1.0,1.0307,0.582,1.558,138
r27,press_bottom,shoulder,0.548,3.192,1.0307,0.582,1.558,138
r27,press_bottom,thumb,0.51,1.341,1.0307,0.582,1.558,138
r27,press_bottom,torso,0.889,2.272,1.0307,0.582,1.558,138
r27,press_top,arm,0.731,2.833,0.9962,0.494,1.734,128
r27,press_top,finger,0.239,1.946,0.9962,0.494,1.734,128
r27,press_top,foot,1.0,1.0,0.9962,0.494,1.734,128
r27,press_top,hand,0.245,4.248,0.9962,0.494,1.734,128
r27,press_top,head,1.0,1.0,0.9962,0.494,1.734,128
r27,press_top,leg,1.0,1.0,0.9962,0.494,1.734,128
r27,press_top,neck,1.0,1.0,0.9962,0.494,1.734,128
r27,press_top,pelvis,1.0,1.0,0.9962,0.494,1.734,128
r27,press_top,shoulder,0.215,4.329,0.9962,0.494,1.734,128
r27,press_top,thumb,0.51,1.341,0.9962,0.494,1.734,128
r27,press_top,torso,0.823,3.316,0.9962,0.494,1.734,128
r27,press_top_rhythm,arm,0.731,2.591,1.0836,0.512,1.976,52
r27,press_top_rhythm,finger,0.239,1.946,1.0836,0.512,1.976,52
r27,press_top_rhythm,foot,1.0,1.0,1.0836,0.512,1.976,52
r27,press_top_rhythm,hand,0.244,4.248,1.0836,0.512,1.976,52
r27,press_top_rhythm,head,1.0,1.0,1.0836,0.512,1.976,52
r27,press_top_rhythm,leg,1.0,1.0,1.0836,0.512,1.976,52
r27,press_top_rhythm,neck,0.535,1.052,1.0836,0.512,1.976,52
r27,press_top_rhythm,pelvis,1.0,1.0,1.0836,0.512,1.976,52
r27,press_top_rhythm,shoulder,0.237,4.306,1.0836,0.512,1.976,52
r27,press_top_rhythm,thumb,0.51,1.341,1.0836,0.512,1.976,52
r27,press_top_rhythm,torso,0.65,3.798,1.0836,0.512,1.976,52
r27,squat_bottom,arm,0.597,2.661,0.9607,0.611,1.779,40
r27,squat_bottom,finger,1.0,1.0,0.9607,0.611,1.779,40
r27,squat_bottom,foot,0.857,1.32,0.9607,0.611,1.779,40
r27,squat_bottom,hand,1.0,1.0,0.9607,0.611,1.779,40
r27,squat_bottom,head,1.0,1.0,0.9607,0.611,1.779,40
r27,squat_bottom,leg,0.373,1.543,0.9607,0.611,1.779,40
r27,squat_bottom,neck,0.753,1.132,0.9607,0.611,1.779,40
r27,squat_bottom,pelvis,0.785,3.498,0.9607,0.611,1.779,40
r27,squat_bottom,shoulder,0.244,4.214,0.9607,0.611,1.779,40
r27,squat_bottom,thumb,1.0,1.0,0.9607,0.611,1.779,40
r27,squat_bottom,torso,0.173,4.204,0.9607,0.611,1.779,40
r27,pushup_bottom,arm,0.188,2.011,1.0071,0.728,1.318,146
r27,pushup_bottom,finger,1.0,1.0,1.0071,0.728,1.318,146
r27,pushup_bottom,foot,0.36,1.337,1.0071,0.728,1.318,146
r27,pushup_bottom,hand,0.239,2.031,1.0071,0.728,1.318,146
r27,pushup_bottom,head,1.0,1.0,1.0071,0.728,1.318,146
r27,pushup_bottom,leg,0.993,1.018,1.0071,0.728,1.318,146
r27,pushup_bottom,neck,1.0,1.0,1.0071,0.728,1.318,146
r27,pushup_bottom,pelvis,1.0,1.0,1.0071,0.728,1.318,146
r27,pushup_bottom,shoulder,0.761,2.071,1.0071,0.728,1.318,146
r27,pushup_bottom,thumb,1.0,1.0,1.0071,0.728,1.318,146
r27,pushup_bottom,torso,0.493,1.565,1.0071,0.728,1.318,146
r27,pullup_hang,arm,0.737,2.804,1.0026,0.496,1.728,100
r27,pullup_hang,finger,0.239,1.946,1.0026,0.496,1.728,100
r27,pullup_hang,foot,1.0,1.0,1.0026,0.496,1.728,100
r27,pullup_hang,hand,0.244,4.248,1.0026,0.496,1.728,100
r27,pullup_hang,head,1.0,1.0,1.0026,0.496,1.728,100
r27,pullup_hang,leg,1.0,1.0,1.0026,0.496,1.728,100
r27,pullup_hang,neck,1.0,1.0,1.0026,0.496,1.728,100
r27,pullup_hang,pelvis,1.0,1.0,1.0026,0.496,1.728,100
r27,pullup_hang,shoulder,0.239,4.299,1.0026,0.496,1.728,100
r27,pullup_hang,thumb,0.51,1.341,1.0026,0.496,1.728,100
r27,pullup_hang,torso,0.877,3.265,1.0026,0.496,1.728,100
r27,pullup_hang_rhythm,arm,0.737,2.487,1.0898,0.534,1.945,52
r27,pullup_hang_rhythm,finger,0.239,1.946,1.0898,0.534,1.945,52
r27,pullup_hang_rhythm,foot,1.0,1.0,1.0898,0.534,1.945,52
r27,pullup_hang_rhythm,hand,0.245,4.248,1.0898,0.534,1.945,52
r27,pullup_hang_rhythm,head,1.0,1.0,1.0898,0.534,1.945,52
r27,pullup_hang_rhythm,leg,1.0,1.0,1.0898,0.534,1.945,52
r27,pullup_hang_rhythm,neck,0.535,1.052,1.0898,0.534,1.945,52
r27,pullup_hang_rhythm,pelvis,1.0,1.0,1.0898,0.534,1.945,52
r27,pullup_hang_rhythm,shoulder,0.277,4.226,1.0898,0.534,1.945,52
r27,pullup_hang_rhythm,thumb,0.51,1.341,1.0898,0.534,1.945,52
r27,pullup_hang_rhythm,torso,0.65,3.708,1.0898,0.534,1.945,52
r27,pullup_top,arm,0.307,1.83,1.027,0.571,1.5,158
r27,pullup_top,finger,0.239,1.946,1.027,0.571,1.5,158
r27,pullup_top,foot,1.0,1.0,1.027,0.571,1.5,158
r27,pullup_top,hand,0.244,4.248,1.027,0.571,1.5,158
r27,pullup_top,head,1.0,1.0,1.027,0.571,1.5,158
r27,pullup_top,leg,1.0,1.0,1.027,0.571,1.5,158
r27,pullup_top,neck,1.0,1.0,1.027,0.571,1.5,158
r27,pullup_top,pelvis,1.0,1.0,1.027,0.571,1.5,158
r27,pullup_top,shoulder,0.67,2.697,1.027,0.571,1.5,158
r27,pullup_top,thumb,0.51,1.341,1.027,0.571,1.5,158
r27,pullup_top,torso,0.861,1.902,1.027,0.571,1.5,158
r27,lunge,arm,1.0,1.0,0.9834,0.797,1.349,7
r27,lunge,finger,1.0,1.0,0.9834,0.797,1.349,7
r27,lunge,foot,0.419,1.308,0.9834,0.797,1.349,7
r27,lunge,hand,1.0,1.0,0.9834,0.797,1.349,7
r27,lunge,head,1.0,1.0,0.9834,0.797,1.349,7
r27,lunge,leg,0.269,1.615,0.9834,0.797,1.349,7
r27,lunge,neck,1.0,1.0,0.9834,0.797,1.349,7
r27,lunge,pelvis,0.563,7.559,0.9834,0.797,1.349,7
r27,lunge,shoulder,1.0,1.0,0.9834,0.797,1.349,7
r27,lunge,thumb,1.0,1.0,0.9834,0.797,1.349,7
r27,lunge,torso,0.12,7.2,0.9834,0.797,1.349,7
r27,row,arm,0.26,1.588,0.9838,0.515,1.45,52
r27,row,finger,0.239,1.946,0.9838,0.515,1.45,52
r27,row,foot,0.927,1.174,0.9838,0.515,1.45,52
r27,row,hand,0.245,4.248,0.9838,0.515,1.45,52
r27,row,head,1.0,1.0,0.9838,0.515,1.45,52
r27,row,leg,0.822,1.171,0.9838,0.515,1.45,52
r27,row,neck,0.621,1.24,0.9838,0.515,1.45,52
r27,row,pelvis,0.852,1.057,0.9838,0.515,1.45,52
r27,row,shoulder,0.347,1.575,0.9838,0.515,1.45,52
r27,row,thumb,0.51,1.341,0.9838,0.515,1.45,52
r27,row,torso,0.435,2.223,0.9838,0.515,1.45,52
r27,grip,arm,0.265,1.645,0.9966,0.548,1.368,94
r27,grip,finger,0.239,1.946,0.9966,0.548,1.368,94
r27,grip,foot,1.0,1.0,0.9966,0.548,1.368,94
r27,grip,hand,0.245,4.248,0.9966,0.548,1.368,94
r27,grip,head,1.0,1.0,0.9966,0.548,1.368,94
r27,grip,leg,1.0,1.0,0.9966,0.548,1.368,94
r27,grip,neck,1.0,1.0,0.9966,0.548,1.368,94
r27,grip,pelvis,1.0,1.0,0.9966,0.548,1.368,94
r27,grip,shoulder,1.0,1.0,0.9966,0.548,1.368,94
r27,grip,thumb,0.51,1.341,0.9966,0.548,1.368,94
r27,grip,torso,1.0,1.0,0.9966,0.548,1.368,94
r27,curl_handle,arm,0.193,1.621,0.997,0.596,1.312,194
r27,curl_handle,finger,0.239,1.844,0.997,0.596,1.312,194
r27,curl_handle,foot,1.0,1.0,0.997,0.596,1.312,194
r27,curl_handle,hand,0.337,1.435,0.997,0.596,1.312,194
r27,curl_handle,head,1.0,1.0,0.997,0.596,1.312,194
r27,curl_handle,leg,1.0,1.0,0.997,0.596,1.312,194
r27,curl_handle,neck,1.0,1.0,0.997,0.596,1.312,194
r27,curl_handle,pelvis,1.0,1.0,0.997,0.596,1.312,194
r27,curl_handle,shoulder,0.823,1.32,0.997,0.596,1.312,194
r27,curl_handle,thumb,0.596,1.31,0.997,0.596,1.312,194
r27,curl_handle,torso,0.87,1.166,0.997,0.596,1.312,194
r27,pullup_bar,arm,0.737,2.804,1.0027,0.568,1.698,84
r27,pullup_bar,finger,0.239,1.844,1.0027,0.568,1.698,84
r27,pullup_bar,foot,1.0,1.0,1.0027,0.568,1.698,84
r27,pullup_bar,hand,0.337,1.435,1.0027,0.568,1.698,84
r27,pullup_bar,head,1.0,1.0,1.0027,0.568,1.698,84
r27,pullup_bar,leg,1.0,1.0,1.0027,0.568,1.698,84
r27,pullup_bar,neck,1.0,1.0,1.0027,0.568,1.698,84
r27,pullup_bar,pelvis,1.0,1.0,1.0027,0.568,1.698,84
r27,pullup_bar,shoulder,0.239,4.299,1.0027,0.568,1.698,84
r27,pullup_bar,thumb,0.596,1.31,1.0027,0.568,1.698,84
r27,pullup_bar,torso,0.877,3.265,1.0027,0.568,1.698,84
r28,neutral,arm,1.0,1.0,1.0,1.0,1.0,0
r28,neutral,finger,1.0,1.0,1.0,1.0,1.0,0
r28,neutral,foot,1.0,1.0,1.0,1.0,1.0,0
r28,neutral,hand,1.0,1.0,1.0,1.0,1.0,0
r28,neutral,head,1.0,1.0,1.0,1.0,1.0,0
r28,neutral,leg,1.0,1.0,1.0,1.0,1.0,0
r28,neutral,neck,1.0,1.0,1.0,1.0,1.0,0
r28,neutral,pelvis,1.0,1.0,1.0,1.0,1.0,0
r28,neutral,shoulder,1.0,1.0,1.0,1.0,1.0,0
r28,neutral,thumb,1.0,1.0,1.0,1.0,1.0,0
r28,neutral,torso,1.0,1.0,1.0,1.0,1.0,0
r28,curl_peak,arm,0.193,1.621,0.9969,0.523,1.352,212
r28,curl_peak,finger,0.239,1.94,0.9969,0.523,1.352,212
r28,curl_peak,foot,1.0,1.0,0.9969,0.523,1.352,212
r28,curl_peak,hand,0.244,1.953,0.9969,0.523,1.352,212
r28,curl_peak,head,1.0,1.0,0.9969,0.523,1.352,212
r28,curl_peak,leg,1.0,1.0,0.9969,0.523,1.352,212
r28,curl_peak,neck,1.0,1.0,0.9969,0.523,1.352,212
r28,curl_peak,pelvis,1.0,1.0,0.9969,0.523,1.352,212
r28,curl_peak,shoulder,0.823,1.32,0.9969,0.523,1.352,212
r28,curl_peak,thumb,0.51,1.337,0.9969,0.523,1.352,212
r28,curl_peak,torso,0.87,1.166,0.9969,0.523,1.352,212
r28,press_bottom,arm,0.312,2.123,1.0307,0.584,1.556,140
r28,press_bottom,finger,0.239,1.94,1.0307,0.584,1.556,140
r28,press_bottom,foot,1.0,1.0,1.0307,0.584,1.556,140
r28,press_bottom,hand,0.244,1.953,1.0307,0.584,1.556,140
r28,press_bottom,head,1.0,1.0,1.0307,0.584,1.556,140
r28,press_bottom,leg,1.0,1.0,1.0307,0.584,1.556,140
r28,press_bottom,neck,1.0,1.0,1.0307,0.584,1.556,140
r28,press_bottom,pelvis,1.0,1.0,1.0307,0.584,1.556,140
r28,press_bottom,shoulder,0.548,3.192,1.0307,0.584,1.556,140
r28,press_bottom,thumb,0.51,1.337,1.0307,0.584,1.556,140
r28,press_bottom,torso,0.889,2.272,1.0307,0.584,1.556,140
r28,press_top,arm,0.731,2.833,0.9962,0.492,1.688,130
r28,press_top,finger,0.239,1.94,0.9962,0.492,1.688,130
r28,press_top,foot,1.0,1.0,0.9962,0.492,1.688,130
r28,press_top,hand,0.244,1.953,0.9962,0.492,1.688,130
r28,press_top,head,1.0,1.0,0.9962,0.492,1.688,130
r28,press_top,leg,1.0,1.0,0.9962,0.492,1.688,130
r28,press_top,neck,1.0,1.0,0.9962,0.492,1.688,130
r28,press_top,pelvis,1.0,1.0,0.9962,0.492,1.688,130
r28,press_top,shoulder,0.215,4.329,0.9962,0.492,1.688,130
r28,press_top,thumb,0.51,1.337,0.9962,0.492,1.688,130
r28,press_top,torso,0.823,3.316,0.9962,0.492,1.688,130
r28,press_top_rhythm,arm,0.731,2.591,1.0836,0.513,1.968,54
r28,press_top_rhythm,finger,0.239,1.94,1.0836,0.513,1.968,54
r28,press_top_rhythm,foot,1.0,1.0,1.0836,0.513,1.968,54
r28,press_top_rhythm,hand,0.244,1.953,1.0836,0.513,1.968,54
r28,press_top_rhythm,head,1.0,1.0,1.0836,0.513,1.968,54
r28,press_top_rhythm,leg,1.0,1.0,1.0836,0.513,1.968,54
r28,press_top_rhythm,neck,0.535,1.052,1.0836,0.513,1.968,54
r28,press_top_rhythm,pelvis,1.0,1.0,1.0836,0.513,1.968,54
r28,press_top_rhythm,shoulder,0.237,4.306,1.0836,0.513,1.968,54
r28,press_top_rhythm,thumb,0.51,1.337,1.0836,0.513,1.968,54
r28,press_top_rhythm,torso,0.65,3.798,1.0836,0.513,1.968,54
r28,squat_bottom,arm,0.597,2.661,0.9607,0.611,1.779,40
r28,squat_bottom,finger,1.0,1.0,0.9607,0.611,1.779,40
r28,squat_bottom,foot,0.857,1.32,0.9607,0.611,1.779,40
r28,squat_bottom,hand,1.0,1.0,0.9607,0.611,1.779,40
r28,squat_bottom,head,1.0,1.0,0.9607,0.611,1.779,40
r28,squat_bottom,leg,0.373,1.543,0.9607,0.611,1.779,40
r28,squat_bottom,neck,0.753,1.132,0.9607,0.611,1.779,40
r28,squat_bottom,pelvis,0.785,3.498,0.9607,0.611,1.779,40
r28,squat_bottom,shoulder,0.244,4.214,0.9607,0.611,1.779,40
r28,squat_bottom,thumb,1.0,1.0,0.9607,0.611,1.779,40
r28,squat_bottom,torso,0.173,4.204,0.9607,0.611,1.779,40
r28,pushup_bottom,arm,0.188,1.969,1.0071,0.732,1.321,144
r28,pushup_bottom,finger,1.0,1.0,1.0071,0.732,1.321,144
r28,pushup_bottom,foot,0.36,1.337,1.0071,0.732,1.321,144
r28,pushup_bottom,hand,0.235,2.067,1.0071,0.732,1.321,144
r28,pushup_bottom,head,1.0,1.0,1.0071,0.732,1.321,144
r28,pushup_bottom,leg,0.993,1.018,1.0071,0.732,1.321,144
r28,pushup_bottom,neck,1.0,1.0,1.0071,0.732,1.321,144
r28,pushup_bottom,pelvis,1.0,1.0,1.0071,0.732,1.321,144
r28,pushup_bottom,shoulder,0.761,2.071,1.0071,0.732,1.321,144
r28,pushup_bottom,thumb,1.0,1.0,1.0071,0.732,1.321,144
r28,pushup_bottom,torso,0.493,1.565,1.0071,0.732,1.321,144
r28,pullup_hang,arm,0.737,2.804,1.0027,0.497,1.683,102
r28,pullup_hang,finger,0.239,1.94,1.0027,0.497,1.683,102
r28,pullup_hang,foot,1.0,1.0,1.0027,0.497,1.683,102
r28,pullup_hang,hand,0.244,1.953,1.0027,0.497,1.683,102
r28,pullup_hang,head,1.0,1.0,1.0027,0.497,1.683,102
r28,pullup_hang,leg,1.0,1.0,1.0027,0.497,1.683,102
r28,pullup_hang,neck,1.0,1.0,1.0027,0.497,1.683,102
r28,pullup_hang,pelvis,1.0,1.0,1.0027,0.497,1.683,102
r28,pullup_hang,shoulder,0.239,4.299,1.0027,0.497,1.683,102
r28,pullup_hang,thumb,0.51,1.337,1.0027,0.497,1.683,102
r28,pullup_hang,torso,0.877,3.265,1.0027,0.497,1.683,102
r28,pullup_hang_rhythm,arm,0.737,2.487,1.0898,0.533,1.94,54
r28,pullup_hang_rhythm,finger,0.239,1.94,1.0898,0.533,1.94,54
r28,pullup_hang_rhythm,foot,1.0,1.0,1.0898,0.533,1.94,54
r28,pullup_hang_rhythm,hand,0.244,1.953,1.0898,0.533,1.94,54
r28,pullup_hang_rhythm,head,1.0,1.0,1.0898,0.533,1.94,54
r28,pullup_hang_rhythm,leg,1.0,1.0,1.0898,0.533,1.94,54
r28,pullup_hang_rhythm,neck,0.535,1.052,1.0898,0.533,1.94,54
r28,pullup_hang_rhythm,pelvis,1.0,1.0,1.0898,0.533,1.94,54
r28,pullup_hang_rhythm,shoulder,0.277,4.226,1.0898,0.533,1.94,54
r28,pullup_hang_rhythm,thumb,0.51,1.337,1.0898,0.533,1.94,54
r28,pullup_hang_rhythm,torso,0.65,3.708,1.0898,0.533,1.94,54
r28,pullup_top,arm,0.307,1.83,1.027,0.569,1.495,160
r28,pullup_top,finger,0.239,1.94,1.027,0.569,1.495,160
r28,pullup_top,foot,1.0,1.0,1.027,0.569,1.495,160
r28,pullup_top,hand,0.244,1.953,1.027,0.569,1.495,160
r28,pullup_top,head,1.0,1.0,1.027,0.569,1.495,160
r28,pullup_top,leg,1.0,1.0,1.027,0.569,1.495,160
r28,pullup_top,neck,1.0,1.0,1.027,0.569,1.495,160
r28,pullup_top,pelvis,1.0,1.0,1.027,0.569,1.495,160
r28,pullup_top,shoulder,0.67,2.697,1.027,0.569,1.495,160
r28,pullup_top,thumb,0.51,1.337,1.027,0.569,1.495,160
r28,pullup_top,torso,0.861,1.902,1.027,0.569,1.495,160
r28,lunge,arm,1.0,1.0,0.9834,0.797,1.349,7
r28,lunge,finger,1.0,1.0,0.9834,0.797,1.349,7
r28,lunge,foot,0.419,1.308,0.9834,0.797,1.349,7
r28,lunge,hand,1.0,1.0,0.9834,0.797,1.349,7
r28,lunge,head,1.0,1.0,0.9834,0.797,1.349,7
r28,lunge,leg,0.269,1.615,0.9834,0.797,1.349,7
r28,lunge,neck,1.0,1.0,0.9834,0.797,1.349,7
r28,lunge,pelvis,0.563,7.559,0.9834,0.797,1.349,7
r28,lunge,shoulder,1.0,1.0,0.9834,0.797,1.349,7
r28,lunge,thumb,1.0,1.0,0.9834,0.797,1.349,7
r28,lunge,torso,0.12,7.2,0.9834,0.797,1.349,7
r28,row,arm,0.26,1.588,0.9838,0.515,1.452,54
r28,row,finger,0.239,1.94,0.9838,0.515,1.452,54
r28,row,foot,0.927,1.174,0.9838,0.515,1.452,54
r28,row,hand,0.244,1.953,0.9838,0.515,1.452,54
r28,row,head,1.0,1.0,0.9838,0.515,1.452,54
r28,row,leg,0.822,1.171,0.9838,0.515,1.452,54
r28,row,neck,0.621,1.24,0.9838,0.515,1.452,54
r28,row,pelvis,0.852,1.057,0.9838,0.515,1.452,54
r28,row,shoulder,0.347,1.575,0.9838,0.515,1.452,54
r28,row,thumb,0.51,1.337,0.9838,0.515,1.452,54
r28,row,torso,0.435,2.223,0.9838,0.515,1.452,54
r28,grip,arm,0.265,1.645,0.9966,0.544,1.379,96
r28,grip,finger,0.239,1.94,0.9966,0.544,1.379,96
r28,grip,foot,1.0,1.0,0.9966,0.544,1.379,96
r28,grip,hand,0.244,1.953,0.9966,0.544,1.379,96
r28,grip,head,1.0,1.0,0.9966,0.544,1.379,96
r28,grip,leg,1.0,1.0,0.9966,0.544,1.379,96
r28,grip,neck,1.0,1.0,0.9966,0.544,1.379,96
r28,grip,pelvis,1.0,1.0,0.9966,0.544,1.379,96
r28,grip,shoulder,1.0,1.0,0.9966,0.544,1.379,96
r28,grip,thumb,0.51,1.337,0.9966,0.544,1.379,96
r28,grip,torso,1.0,1.0,0.9966,0.544,1.379,96
r28,curl_handle,arm,0.193,1.621,0.997,0.596,1.314,190
r28,curl_handle,finger,0.239,1.824,0.997,0.596,1.314,190
r28,curl_handle,foot,1.0,1.0,0.997,0.596,1.314,190
r28,curl_handle,hand,0.337,1.455,0.997,0.596,1.314,190
r28,curl_handle,head,1.0,1.0,0.997,0.596,1.314,190
r28,curl_handle,leg,1.0,1.0,0.997,0.596,1.314,190
r28,curl_handle,neck,1.0,1.0,0.997,0.596,1.314,190
r28,curl_handle,pelvis,1.0,1.0,0.997,0.596,1.314,190
r28,curl_handle,shoulder,0.823,1.32,0.997,0.596,1.314,190
r28,curl_handle,thumb,0.596,1.31,0.997,0.596,1.314,190
r28,curl_handle,torso,0.87,1.166,0.997,0.596,1.314,190
r28,pullup_bar,arm,0.737,2.804,1.0027,0.568,1.661,80
r28,pullup_bar,finger,0.239,1.825,1.0027,0.568,1.661,80
r28,pullup_bar,foot,1.0,1.0,1.0027,0.568,1.661,80
r28,pullup_bar,hand,0.337,1.455,1.0027,0.568,1.661,80
r28,pullup_bar,head,1.0,1.0,1.0027,0.568,1.661,80
r28,pullup_bar,leg,1.0,1.0,1.0027,0.568,1.661,80
r28,pullup_bar,neck,1.0,1.0,1.0027,0.568,1.661,80
r28,pullup_bar,pelvis,1.0,1.0,1.0027,0.568,1.661,80
r28,pullup_bar,shoulder,0.239,4.299,1.0027,0.568,1.661,80
r28,pullup_bar,thumb,0.596,1.31,1.0027,0.568,1.661,80
r28,pullup_bar,torso,0.877,3.265,1.0027,0.568,1.661,80
r29,neutral,arm,1.0,1.0,1.0,1.0,1.0,0
r29,neutral,finger,1.0,1.0,1.0,1.0,1.0,0
r29,neutral,foot,1.0,1.0,1.0,1.0,1.0,0
r29,neutral,hand,1.0,1.0,1.0,1.0,1.0,0
r29,neutral,head,1.0,1.0,1.0,1.0,1.0,0
r29,neutral,leg,1.0,1.0,1.0,1.0,1.0,0
r29,neutral,neck,1.0,1.0,1.0,1.0,1.0,0
r29,neutral,pelvis,1.0,1.0,1.0,1.0,1.0,0
r29,neutral,shoulder,1.0,1.0,1.0,1.0,1.0,0
r29,neutral,thumb,1.0,1.0,1.0,1.0,1.0,0
r29,neutral,torso,1.0,1.0,1.0,1.0,1.0,0
r29,curl_peak,arm,0.193,1.621,0.9969,0.534,1.346,158
r29,curl_peak,finger,0.193,1.906,0.9969,0.534,1.346,158
r29,curl_peak,foot,1.0,1.0,0.9969,0.534,1.346,158
r29,curl_peak,hand,0.245,1.883,0.9969,0.534,1.346,158
r29,curl_peak,head,1.0,1.0,0.9969,0.534,1.346,158
r29,curl_peak,leg,1.0,1.0,0.9969,0.534,1.346,158
r29,curl_peak,neck,1.0,1.0,0.9969,0.534,1.346,158
r29,curl_peak,pelvis,1.0,1.0,0.9969,0.534,1.346,158
r29,curl_peak,shoulder,0.823,1.32,0.9969,0.534,1.346,158
r29,curl_peak,thumb,0.51,1.337,0.9969,0.534,1.346,158
r29,curl_peak,torso,0.87,1.166,0.9969,0.534,1.346,158
r29,press_bottom,arm,0.312,2.123,1.0307,0.584,1.56,86
r29,press_bottom,finger,0.193,1.906,1.0307,0.584,1.56,86
r29,press_bottom,foot,1.0,1.0,1.0307,0.584,1.56,86
r29,press_bottom,hand,0.245,1.883,1.0307,0.584,1.56,86
r29,press_bottom,head,1.0,1.0,1.0307,0.584,1.56,86
r29,press_bottom,leg,1.0,1.0,1.0307,0.584,1.56,86
r29,press_bottom,neck,1.0,1.0,1.0307,0.584,1.56,86
r29,press_bottom,pelvis,1.0,1.0,1.0307,0.584,1.56,86
r29,press_bottom,shoulder,0.548,3.192,1.0307,0.584,1.56,86
r29,press_bottom,thumb,0.51,1.337,1.0307,0.584,1.56,86
r29,press_bottom,torso,0.889,2.272,1.0307,0.584,1.56,86
r29,press_top,arm,0.731,2.833,0.9962,0.497,1.683,76
r29,press_top,finger,0.193,1.906,0.9962,0.497,1.683,76
r29,press_top,foot,1.0,1.0,0.9962,0.497,1.683,76
r29,press_top,hand,0.245,1.883,0.9962,0.497,1.683,76
r29,press_top,head,1.0,1.0,0.9962,0.497,1.683,76
r29,press_top,leg,1.0,1.0,0.9962,0.497,1.683,76
r29,press_top,neck,1.0,1.0,0.9962,0.497,1.683,76
r29,press_top,pelvis,1.0,1.0,0.9962,0.497,1.683,76
r29,press_top,shoulder,0.215,4.329,0.9962,0.497,1.683,76
r29,press_top,thumb,0.51,1.337,0.9962,0.497,1.683,76
r29,press_top,torso,0.823,3.316,0.9962,0.497,1.683,76
r29,press_top_rhythm,arm,0.731,2.591,1.0836,0.514,1.968,0
r29,press_top_rhythm,finger,0.193,1.906,1.0836,0.514,1.968,0
r29,press_top_rhythm,foot,1.0,1.0,1.0836,0.514,1.968,0
r29,press_top_rhythm,hand,0.245,1.883,1.0836,0.514,1.968,0
r29,press_top_rhythm,head,1.0,1.0,1.0836,0.514,1.968,0
r29,press_top_rhythm,leg,1.0,1.0,1.0836,0.514,1.968,0
r29,press_top_rhythm,neck,0.535,1.052,1.0836,0.514,1.968,0
r29,press_top_rhythm,pelvis,1.0,1.0,1.0836,0.514,1.968,0
r29,press_top_rhythm,shoulder,0.237,4.306,1.0836,0.514,1.968,0
r29,press_top_rhythm,thumb,0.51,1.337,1.0836,0.514,1.968,0
r29,press_top_rhythm,torso,0.65,3.798,1.0836,0.514,1.968,0
r29,squat_bottom,arm,0.597,2.661,0.9607,0.611,1.779,40
r29,squat_bottom,finger,1.0,1.0,0.9607,0.611,1.779,40
r29,squat_bottom,foot,0.857,1.32,0.9607,0.611,1.779,40
r29,squat_bottom,hand,1.0,1.0,0.9607,0.611,1.779,40
r29,squat_bottom,head,1.0,1.0,0.9607,0.611,1.779,40
r29,squat_bottom,leg,0.373,1.543,0.9607,0.611,1.779,40
r29,squat_bottom,neck,0.753,1.132,0.9607,0.611,1.779,40
r29,squat_bottom,pelvis,0.785,3.498,0.9607,0.611,1.779,40
r29,squat_bottom,shoulder,0.244,4.214,0.9607,0.611,1.779,40
r29,squat_bottom,thumb,1.0,1.0,0.9607,0.611,1.779,40
r29,squat_bottom,torso,0.173,4.204,0.9607,0.611,1.779,40
r29,pushup_bottom,arm,0.188,1.974,1.0071,0.736,1.322,150
r29,pushup_bottom,finger,1.0,1.0,1.0071,0.736,1.322,150
r29,pushup_bottom,foot,0.36,1.337,1.0071,0.736,1.322,150
r29,pushup_bottom,hand,0.22,2.032,1.0071,0.736,1.322,150
r29,pushup_bottom,head,1.0,1.0,1.0071,0.736,1.322,150
r29,pushup_bottom,leg,0.993,1.018,1.0071,0.736,1.322,150
r29,pushup_bottom,neck,1.0,1.0,1.0071,0.736,1.322,150
r29,pushup_bottom,pelvis,1.0,1.0,1.0071,0.736,1.322,150
r29,pushup_bottom,shoulder,0.761,2.071,1.0071,0.736,1.322,150
r29,pushup_bottom,thumb,1.0,1.0,1.0071,0.736,1.322,150
r29,pushup_bottom,torso,0.493,1.565,1.0071,0.736,1.322,150
r29,pullup_hang,arm,0.737,2.804,1.0026,0.5,1.67,48
r29,pullup_hang,finger,0.193,1.906,1.0026,0.5,1.67,48
r29,pullup_hang,foot,1.0,1.0,1.0026,0.5,1.67,48
r29,pullup_hang,hand,0.245,1.883,1.0026,0.5,1.67,48
r29,pullup_hang,head,1.0,1.0,1.0026,0.5,1.67,48
r29,pullup_hang,leg,1.0,1.0,1.0026,0.5,1.67,48
r29,pullup_hang,neck,1.0,1.0,1.0026,0.5,1.67,48
r29,pullup_hang,pelvis,1.0,1.0,1.0026,0.5,1.67,48
r29,pullup_hang,shoulder,0.239,4.299,1.0026,0.5,1.67,48
r29,pullup_hang,thumb,0.51,1.337,1.0026,0.5,1.67,48
r29,pullup_hang,torso,0.877,3.265,1.0026,0.5,1.67,48
r29,pullup_hang_rhythm,arm,0.737,2.487,1.0898,0.539,1.936,0
r29,pullup_hang_rhythm,finger,0.193,1.906,1.0898,0.539,1.936,0
r29,pullup_hang_rhythm,foot,1.0,1.0,1.0898,0.539,1.936,0
r29,pullup_hang_rhythm,hand,0.245,1.883,1.0898,0.539,1.936,0
r29,pullup_hang_rhythm,head,1.0,1.0,1.0898,0.539,1.936,0
r29,pullup_hang_rhythm,leg,1.0,1.0,1.0898,0.539,1.936,0
r29,pullup_hang_rhythm,neck,0.535,1.052,1.0898,0.539,1.936,0
r29,pullup_hang_rhythm,pelvis,1.0,1.0,1.0898,0.539,1.936,0
r29,pullup_hang_rhythm,shoulder,0.277,4.226,1.0898,0.539,1.936,0
r29,pullup_hang_rhythm,thumb,0.51,1.337,1.0898,0.539,1.936,0
r29,pullup_hang_rhythm,torso,0.65,3.708,1.0898,0.539,1.936,0
r29,pullup_top,arm,0.307,1.83,1.027,0.573,1.494,106
r29,pullup_top,finger,0.193,1.906,1.027,0.573,1.494,106
r29,pullup_top,foot,1.0,1.0,1.027,0.573,1.494,106
r29,pullup_top,hand,0.245,1.883,1.027,0.573,1.494,106
r29,pullup_top,head,1.0,1.0,1.027,0.573,1.494,106
r29,pullup_top,leg,1.0,1.0,1.027,0.573,1.494,106
r29,pullup_top,neck,1.0,1.0,1.027,0.573,1.494,106
r29,pullup_top,pelvis,1.0,1.0,1.027,0.573,1.494,106
r29,pullup_top,shoulder,0.67,2.697,1.027,0.573,1.494,106
r29,pullup_top,thumb,0.51,1.337,1.027,0.573,1.494,106
r29,pullup_top,torso,0.861,1.902,1.027,0.573,1.494,106
r29,lunge,arm,1.0,1.0,0.9834,0.797,1.349,7
r29,lunge,finger,1.0,1.0,0.9834,0.797,1.349,7
r29,lunge,foot,0.419,1.308,0.9834,0.797,1.349,7
r29,lunge,hand,1.0,1.0,0.9834,0.797,1.349,7
r29,lunge,head,1.0,1.0,0.9834,0.797,1.349,7
r29,lunge,leg,0.269,1.615,0.9834,0.797,1.349,7
r29,lunge,neck,1.0,1.0,0.9834,0.797,1.349,7
r29,lunge,pelvis,0.563,7.559,0.9834,0.797,1.349,7
r29,lunge,shoulder,1.0,1.0,0.9834,0.797,1.349,7
r29,lunge,thumb,1.0,1.0,0.9834,0.797,1.349,7
r29,lunge,torso,0.12,7.2,0.9834,0.797,1.349,7
r29,row,arm,0.26,1.588,0.9838,0.518,1.446,0
r29,row,finger,0.193,1.906,0.9838,0.518,1.446,0
r29,row,foot,0.927,1.174,0.9838,0.518,1.446,0
r29,row,hand,0.245,1.883,0.9838,0.518,1.446,0
r29,row,head,1.0,1.0,0.9838,0.518,1.446,0
r29,row,leg,0.822,1.171,0.9838,0.518,1.446,0
r29,row,neck,0.621,1.24,0.9838,0.518,1.446,0
r29,row,pelvis,0.852,1.057,0.9838,0.518,1.446,0
r29,row,shoulder,0.347,1.575,0.9838,0.518,1.446,0
r29,row,thumb,0.51,1.337,0.9838,0.518,1.446,0
r29,row,torso,0.435,2.223,0.9838,0.518,1.446,0
r29,grip,arm,0.265,1.645,0.9966,0.549,1.357,42
r29,grip,finger,0.193,1.906,0.9966,0.549,1.357,42
r29,grip,foot,1.0,1.0,0.9966,0.549,1.357,42
r29,grip,hand,0.245,1.883,0.9966,0.549,1.357,42
r29,grip,head,1.0,1.0,0.9966,0.549,1.357,42
r29,grip,leg,1.0,1.0,0.9966,0.549,1.357,42
r29,grip,neck,1.0,1.0,0.9966,0.549,1.357,42
r29,grip,pelvis,1.0,1.0,0.9966,0.549,1.357,42
r29,grip,shoulder,1.0,1.0,0.9966,0.549,1.357,42
r29,grip,thumb,0.51,1.337,0.9966,0.549,1.357,42
r29,grip,torso,1.0,1.0,0.9966,0.549,1.357,42
r29,curl_handle,arm,0.193,1.621,0.997,0.606,1.308,178
r29,curl_handle,finger,0.169,1.814,0.997,0.606,1.308,178
r29,curl_handle,foot,1.0,1.0,0.997,0.606,1.308,178
r29,curl_handle,hand,0.337,1.455,0.997,0.606,1.308,178
r29,curl_handle,head,1.0,1.0,0.997,0.606,1.308,178
r29,curl_handle,leg,1.0,1.0,0.997,0.606,1.308,178
r29,curl_handle,neck,1.0,1.0,0.997,0.606,1.308,178
r29,curl_handle,pelvis,1.0,1.0,0.997,0.606,1.308,178
r29,curl_handle,shoulder,0.823,1.32,0.997,0.606,1.308,178
r29,curl_handle,thumb,0.596,1.31,0.997,0.606,1.308,178
r29,curl_handle,torso,0.87,1.166,0.997,0.606,1.308,178
r29,pullup_bar,arm,0.737,2.804,1.0027,0.569,1.659,68
r29,pullup_bar,finger,0.169,1.814,1.0027,0.569,1.659,68
r29,pullup_bar,foot,1.0,1.0,1.0027,0.569,1.659,68
r29,pullup_bar,hand,0.337,1.455,1.0027,0.569,1.659,68
r29,pullup_bar,head,1.0,1.0,1.0027,0.569,1.659,68
r29,pullup_bar,leg,1.0,1.0,1.0027,0.569,1.659,68
r29,pullup_bar,neck,1.0,1.0,1.0027,0.569,1.659,68
r29,pullup_bar,pelvis,1.0,1.0,1.0027,0.569,1.659,68
r29,pullup_bar,shoulder,0.239,4.299,1.0027,0.569,1.659,68
r29,pullup_bar,thumb,0.596,1.31,1.0027,0.569,1.659,68
r29,pullup_bar,torso,0.877,3.265,1.0027,0.569,1.659,68
